Symbol,Current Ratio,Quick Ratio,Net Profit Margin,Return on Assets (ROA),Return on Equity (ROE),Debt-to-Equity Ratio,Debt Ratio,Asset Turnover Ratio,Inventory Turnover Ratio,EPS,Net Income
AURA.TA,1.2437741074742057,0.3107026970144934,0.1655306443349057,0.0540664687714957,0.2153383652193099,2.956314220134286,0.7422619294933053,0.3266251333022487,0.4256680270264271,0.5469728641553828,117686000.0
AVGL.TA,1.186595006820834,0.9407327054878952,0.0644457668734654,0.0590683321844782,0.1313083576788681,1.2212436271982583,0.5493696328602627,0.916558760181326,11.697840764757002,0.0926619946722738,3993000.0
EVGN.TA,6.711288888888889,6.610666666666667,-15.903283582089552,-0.4746106973595125,-0.9537414965986396,0.7639097744360902,0.3801446744824145,0.0298435662616256,1.6060070671378093,-6.463936823377137,-23879000.0
ABRA.TA,1.4587819475177095,1.4587819475177095,0.0076243700145763,0.0054886442177568,0.011773989243516,1.1127022032103329,0.5187049510087682,0.7198816698643424,1.7976931348623157e+308,0.0338560015285954,14464000.0
ADGR.TA,0.7516775111187941,0.7516775111187941,-0.0179379006648312,-0.0009949239470906,-0.0039591581579495,2.979357587609307,0.7487031567321967,0.0554649044880334,1.7976931348623157e+308,-0.0329291423515794,95505000.0
OPCE.TA,2.275808936825886,2.26502311248074,0.0866632070576024,0.0175199328577423,0.0476190476190476,1.473053892215569,0.5419639110365086,0.2021611414183801,227.8571428571429,0.7941452001768994,144000000.0
AUGN.TA,8.855981855981856,8.726233226233227,-18.19736842105263,-0.6706325496817769,-0.8592254013335257,0.2812163706358099,0.2194917088799411,0.0368532709875741,4.6576839038601605,-3.689889399081349,-26532000.0
AUDC.TA,1.5872831023640386,1.2021660649819494,0.1034777329848451,0.0879038757870617,0.150010539629005,0.706529300168634,0.4140153351593887,0.8494955702202692,2.6476894741182617,0.8758769230769231,8780000.0
AMX.TA,0.3431950787325166,0.096819721703263,-0.0024337712210962,-0.0036425785760949,-0.0306572991585904,7.420704784649135,0.8816986822048158,1.4966807662612758,2.221595246037894,-0.0231033857258409,-16384000.0
ALMD.TA,7.775375939849624,7.775375939849624,-1.7976931348623157e+308,-0.2101291238273271,-0.2356366459627329,0.0740100931677018,0.0659985460587807,0.0,0.0,-0.1381918491260094,1422000.0
OPAL.TA,1.374120392433978,1.374120392433978,0.321871113874578,0.057298780258812,0.1481812791363376,1.5861157683814509,0.6133197081792433,0.178017777268262,1.7976931348623157e+308,0.2771282443477845,26377000.0
OPK.TA,1.848065392542627,1.501147648491662,-0.3270327704950029,-0.1515301124600244,-0.2102938690409106,0.3878025009477168,0.2794363756246946,0.4633484045976969,9.6675263300027,-0.4567137231603382,-188863000.0
ORBI.TA,3.051140290255701,2.663807471848449,0.1640002711588652,0.0911857826693302,0.1395566836359441,0.530465381231883,0.346603972711168,0.5560099506237985,3.901973131821998,0.4259242957746479,0.0
ORON.TA,1.146474347698622,0.5410542362943418,0.0243638960363312,0.0247174429002696,0.1251894229623197,4.223072142480121,0.8338048221285408,1.014511097215779,2.063892676728546,0.4515930902111324,24642000.0
ORIN.TA,0.917483298357752,0.917483298357752,0.0316957605295258,0.0305826965830328,0.1324954327868094,3.3278449691279515,0.7681357072131821,0.9648828761986608,1.7976931348623157e+308,0.6781537151182709,4891000.0
ORMP.TA,27.34232509571876,27.34232509571876,-13.526082130965596,-0.2261850261689412,-0.2408307643664532,0.0690722736015598,0.0648717536283886,0.0167221390480196,0.0,-0.937518053972946,5525000.0
ORA.TA,1.3280131429734523,1.261623680614114,0.0896822078051212,0.014277322366157,0.0352548845532512,1.3820165337756904,0.5596811851211917,0.1591990509107618,20.38082515767344,1.1652655611206484,124399000.0
AZRM.TA,1.1206284949973029,0.5564182819535968,0.1553471296510954,0.0247895117661416,0.0912675885486025,2.681701737799412,0.7283864714696553,0.1595749584933951,0.4959755825634951,0.8139991743419648,176402000.0
ATRY.TA,7.409799554565701,7.409799554565701,100.270205066345,0.407454609623152,0.4088735858337432,0.0022085587801278,0.0022008940825849,0.0040635661346613,1.7976931348623157e+308,5.645476772616137,73000000.0
ETGA.TA,1.5020546542035051,1.5020546542035051,0.0519565220775137,0.0670825453544247,0.1415726143366713,1.1104240095345947,0.5261615696740832,1.2911284795842286,1.7976931348623157e+308,1.4956089255309617,26581000.0
IBI.TA,2.1696503747051623,2.1696503747051623,0.1373873396567435,0.0836908050767749,0.1417159560049716,0.6237594388822615,0.3683631052276323,0.6091595141580941,1.7976931348623157e+308,6.969999894789557,156458000.0
IDMO.TA,1.105114822546973,1.105114822546973,-0.9612606232294616,-1.1700862068965516,-14.347780126849894,11.26215644820296,0.918448275862069,1.217241379310345,1.7976931348623157e+308,-1.1585849540334645,-6849000.0
ICL.TA,1.7452033768227169,0.92632386799693,0.2155766350474288,0.1837446808510638,0.3951317715959004,1.1048682284040996,0.5137872340425532,0.8523404255319149,2.3350515463917527,1.6737121757715627,647000000.0
IES.TA,40.54543636908927,40.54543636908927,5.008989160130431,0.13019995475748,0.1575399847413196,0.2098477388811548,0.1734300416059376,0.0259932594372174,1.7976931348623157e+308,39.26059907348661,65715000.0
IDIN.TA,0.0,0.0,0.0383948906845295,0.0136148343827574,0.0987013746025808,6.249546474658687,0.8620603366713253,0.3546001600739875,0.0,5.752503576537912,139205000.0
AYAL.TA,0.0,0.0,0.0773631525372387,0.0112798792680461,0.2752964253484408,23.40339071743708,0.9589206304494344,0.1458042866417133,0.0,9.655676447961314,0.0
ICON.TA,1.497953112246345,0.9483188417672253,0.0308081442328997,0.0756338737482325,0.2158483160818673,1.8538577410483548,0.6495971100393205,2.454996093775221,7.716063186261862,0.8103662965653211,32732000.0
ARPT.TA,1.6088767837536082,1.1697757566892495,0.6822998827674844,0.0333137868207138,0.0651628579829163,0.9413188135095596,0.4812387801008682,0.0488257255528015,0.3029743356202026,4.956565794658582,253396000.0
ILX.TA,2.8111413705302777,2.165490977526846,0.1170405160083617,0.1135733517500925,0.1665671729429264,0.4666043607609802,0.3181528524290438,0.9703763758353436,4.028977257139722,9.0542601294441,50885000.0
ISI.TA,1.7002557233317095,1.6737497970449748,0.0836697138786655,0.0096004195713697,0.0174232825489044,0.8148459470317377,0.4489890441469453,0.1147418716561149,14.103369065849924,0.05,4673000.0
INTO.TA,0.877428709521508,0.877428709521508,-0.0294912466220185,-0.0238797450290172,0.0992487149070779,-5.156188216686437,1.2406050803919704,0.8097231471791456,1.7976931348623157e+308,-0.0050242032484376,-4406000.0
INCR.TA,1.6867954937180023,1.2183301941999047,0.1153096088339113,0.0467835830009592,0.0894046538534425,0.8707872452897937,0.4556647289633583,0.4057214613254392,1.59456784392961,0.9882343903495192,-61959000.0
INRM.TA,1.7611290885158757,1.3271754710688253,0.1080966319518599,0.1012101080722489,0.2000375063543823,0.9764577883029768,0.494044342399734,0.9362928913208152,4.539628154206293,1.0299999978453385,192972000.0
ISTA.TA,0.3668767730973197,0.3668767730973197,0.5785604528912253,0.0682996391798836,0.1923893019941104,1.7307740232265236,0.6144377055430346,0.1180509985405529,1.7976931348623157e+308,13.80351170568562,127205000.0
ARDM.TA,2.135924118242932,2.135924118242932,-0.4452662117435541,-0.1731001397890456,-0.2511292404129793,0.4507743362831858,0.3107129241326725,0.3887565128987165,1.7976931348623157e+308,-0.1359236622177872,-545000.0
ELAL.TA,0.4136898544669591,0.403244899380266,0.0547386443750629,0.0340923347133358,-0.3387348083515114,-11.016827672172017,1.1088006523648224,0.6228202233094969,122.11333333333332,0.2741488020176544,112600000.0
ALAR.TA,0.7862407862407862,0.7862407862407862,-0.7089487870619946,-0.5878592821062983,-0.9879798662760124,0.6806400721208024,0.4049886013142014,0.8291985159358097,1.7976931348623157e+308,-0.4199999968063265,-5525000.0
EMITF-M.TA,49.22919508867667,49.22919508867667,-1.7976931348623157e+308,-0.0048583122441965,-0.0049630563490417,0.0215597721143258,0.0211047583341144,0.0,0.0,-0.0340150935141638,-18143000.0
EMTC-M.TA,4.333333333333333,4.333333333333333,-1.7976931348623157e+308,-0.2001723260094779,-0.2043500859621766,0.0208708168405901,0.0204441311244272,0.0,0.0,-0.0563270074279794,-17794000.0
ESLT.TA,1.1763939729113464,0.780175246517128,0.049976512954888,0.0298891527033738,0.0999731056056846,2.3439048990988383,0.7007617801498777,0.5980639891853543,2.4418265435092774,6.178596262981988,215131000.0
ALLT.TA,2.5051896833385587,2.2863484100922427,-0.2609645013321166,-0.1504087756453302,-0.3141027526894374,1.0883273023251252,0.5211478589172258,0.5763572243640616,3.0033931533705323,-0.8662510536728396,-62804000.0
ELLO.TA,0.7094046156546157,0.6962311337311338,-0.0068337129840546,-0.0006196227764307,-0.0037294722326689,5.151059295474489,0.8558083994466786,0.0906714662843634,32.6819317235637,-0.03,2219000.0
ALHE.TA,0.9145833800960472,0.9145833800960472,-0.1613347357439893,-0.0077728242191047,-0.0365068439226617,2.933893464560669,0.624667479498395,0.0481782437195604,1.7976931348623157e+308,-1.598799197950571,-2392409000.0
ALTF.TA,0.5626678133915086,0.5626678133915086,0.1655712023297998,0.160275857083803,0.4314170188185936,1.6922465772859474,0.6286869982885054,0.9680177158135924,1.7976931348623157e+308,1.0699999992459797,137549000.0
ELMR.TA,1.288499771853204,1.251385176976729,0.0635109030187938,0.0607541215943748,0.1289459470688437,1.1224230337778889,0.5288403941696714,0.9565935722311616,43.28068057080132,0.8649221079619875,0.0
ELSPC.TA,3.17635157389545,1.771044087893474,0.0577393345723348,0.0445484243097258,0.0628278619976584,0.4103273678288503,0.2909447672851551,0.7715437775597555,1.292228881374092,0.2127374761880245,10908000.0
ELCO.TA,0.953139011703703,0.723788856401445,0.0230619225559873,0.0187964166995008,0.166422061287208,6.743110497057762,0.7615956308505236,0.815041185480908,6.930308916869534,15.670351318813616,-288740000.0
ELTR.TA,1.0282190096928254,0.7434115133209999,0.0282252869894139,0.0291007641094218,0.1990200231836446,5.68434636157129,0.8311667335687971,1.031017474519789,5.692954434913839,79.63988559542382,213517000.0
ELCRE.TA,0.7008833335967005,0.7008833335967005,0.7855841201772736,0.2304874220658079,0.452910379274549,0.9532589126760844,0.4851162600775322,0.2933962336379668,1.7976931348623157e+308,3.1542303326639307,-63689000.0
ELCP.TA,1.0806358005367511,0.9173733657400732,0.0188417353678978,0.0084953860712729,0.0181685177061732,1.135923043946403,0.5311443102648551,0.4508812965151377,12.825017235436055,0.9052096088940648,-71513000.0
ECP.TA,0.8239069481839786,0.5258760292393524,0.0166540216678486,0.0153703369088489,0.1531742960890529,8.144327043276386,0.817245802639301,0.9229204341989138,5.501759240906801,4.649465776937851,-101263000.0
ELWS.TA,4.817433649866082,4.817433649866082,-9.547052023121386,-0.5637920205357875,-0.657322062499005,0.1658945826766639,0.1422895218329282,0.0590540429831508,1.7976931348623157e+308,-8.348380879941303,-75833000.0
ALRPR.TA,0.7786080234055794,0.7610332663993716,0.1306498916214021,0.0089131571519806,0.0251444940234761,1.5792934018619178,0.559823962523916,0.0682216957194974,21.11705685618729,6.413377288106186,-209127000.0
ELRN.TA,12.787572696663606,12.787572696663606,1.7976931348623157e+308,0.4100138589921269,0.5101143875971267,0.1313366253090813,0.1055642379028691,0.0,1.7976931348623157e+308,1.2808362893396723,-8174000.0
AMOT.TA,1.2882756447244763,1.2882756447244763,1.1390980588208977,0.0590235499504084,0.13345539918622,1.2610594545712075,0.5577309435301138,0.0518160394474772,1.7976931348623157e+308,2.5236059455522564,682612000.0
EMDV.TA,1.5871182417950085,1.119740859236954,0.0301674884248733,0.0236827126440884,0.0875629056229163,2.254887558888844,0.6098684565341635,0.7850409126058318,4.335610481780482,2.180473689851034,52972000.0
AMAN.TA,1.9885827219473355,1.9885827219473355,-0.0213828367496888,-0.040105523087394,-0.0751238014961542,0.8050468865240754,0.4297815852087681,1.8755941298563965,1.7976931348623157e+308,-1.0794680781001968,0.0
EMCO.TA,1.07030445518061,0.9972669528277164,0.0135796907460403,0.0195890049112767,0.1225603112271387,5.047137456215402,0.80669181913598,1.44252216619798,26.217898832684824,0.3781673774227758,22292000.0
ENDY.TA,4.580445195829811,3.566920259227952,0.0398425049217211,0.0431537797634157,0.0578073993471164,0.3395674646354733,0.2534903792455704,1.0831091029090725,3.1331665276619405,0.0605974192628502,553000.0
ENLV.TA,7.920387467837142,7.920387467837142,-1.7976931348623157e+308,-0.4591821649271163,-0.5464365510810858,0.1900212874509597,0.1596788977262647,0.0,0.0,-1.6885127746918356,-29068000.0
ENLT.TA,1.0995331504687955,1.0995331504687955,0.1287856711695772,0.0070043672225387,0.0307787397990782,3.0883615597181424,0.702823397626117,0.0543877836635707,1.7976931348623157e+308,0.2475441304750109,70924000.0
ANLT.TA,2.284569297305876,2.284569297305876,-0.087795012035494,-0.0509984156073022,-0.0772474638294139,0.5147032100807689,0.3398046605138727,0.5808805583019282,1.7976931348623157e+308,-1.0481210678456043,27221000.0
ENOG.TA,1.0115917588549064,0.9101616956913384,0.0234316174206091,0.003013385671666,0.0265626778304454,7.814894847415711,0.8865556518472625,0.1286034001654387,3.8451155366535614,0.0935358652988222,184935000.0
NRGN.TA,3.6628205128205127,3.6628205128205127,-1.964862298195632,-0.3587031900138696,-0.5063218859613345,0.4115343829023574,0.2915510864539991,0.1825589459084604,1.7976931348623157e+308,-0.4982324267515254,-5243000.0
ENRG.TA,1.263422540492983,1.263422540492983,0.4488503294931968,0.0389149968161353,0.1016434555940617,1.611223337327098,0.6168695335642465,0.0866992720269914,1.7976931348623157e+308,0.4195550650530418,258257000.0
SRAC.TA,1.215894558161952,1.215894558161952,0.4356636383169795,0.0514383027883988,0.2399893170823495,3.63934834202332,0.7800426462533614,0.1180688454678273,1.7976931348623157e+308,5.847759473065668,65346000.0
ASGR.TA,1.0578745463680754,1.0578745463680754,0.1248860077620761,0.0066015505011513,0.0448412622868637,4.737609066737739,0.6974729058406495,0.0528606096027036,1.7976931348623157e+308,0.5494526001492909,-72797000.0
APLP.TA,3.9457400830159615,3.684710513928709,-10.664433617539586,-0.2483257405208019,-0.4026327134768488,0.6213893599287212,0.383244996720614,0.0232854129367344,0.8501639344262295,-1.630560793351491,-66081000.0
AFPR.TA,0.6335389046505302,0.6064245291240214,0.504171664713374,0.0335537784392009,0.0989895755331302,1.9465440264103853,0.6598059101936921,0.0665522892054566,9.623504585666748,15.458837197021705,211403000.0
EFCP.TA,1.1461821210395926,0.4516124378721898,0.2335935187056208,0.1008500882549859,0.4787425639906129,3.747071343955363,0.7893438022006263,0.431733246769056,0.7040810957508087,3.237462550475446,0.0
EPIT.TA,21.52012956964368,21.52012956964368,-1.7976931348623157e+308,-0.2788123618709467,-0.3901888705792876,0.3994676131322094,0.2854425564291148,0.0,0.0,-0.5224792886405956,-5682000.0
UPSL.TA,1.7535211267605637,0.5620389000670691,-0.8500775563775206,-1.1726606863632625,-1.5708301179583288,0.3395436004850622,0.2534770800757139,1.3794749403341289,3.263157894736842,-0.9847270214236352,-3963000.0
AFHL.TA,1.2852393645793216,1.1015920135357933,-0.0257091338977586,-0.0288971473301385,-0.1181070916040919,3.0354755750216142,0.7426868591639885,1.1240031439821412,11.503024912080209,-10.45126213592233,-8563000.0
AFRE.TA,1.2424454042109894,0.6758763660261661,0.209344413704115,0.0500713163963104,0.1472803965036227,1.941412511265138,0.6600272841125954,0.2391815263199745,0.7153370894764411,15.937234647016467,171462000.0
AQUA.TA,10.575849056603774,10.575849056603774,-858.5555555555555,-0.6122659200760677,-0.7611558036447217,0.2431784600229847,0.1956102585774279,0.0007131348881434,1.7976931348623157e+308,-0.7895878631342887,-17009000.0
EQTL.TA,1.4655604576994794,1.2003858072986793,0.1623738950900276,0.0198247367834332,0.0952345330563539,2.428563908409975,0.5055481315531217,0.1220931281622673,1.3315502517493458,15.61515997144526,262509000.0
ECNR.TA,2.1628848195329087,2.1628848195329087,0.2638316820661249,0.0117574687211644,0.0235266088924625,0.8880649612356929,0.4438121980017264,0.0445642791232996,1.7976931348623157e+308,0.0520856226099951,-11287000.0
ECPA-M.TA,18.35792283426353,17.095607862169377,-5.105988593155893,-0.2671789897784078,-0.2861137743688079,0.0708692873122403,0.0661792136088935,0.052326593548708,0.6660899653979239,-0.2191389085191337,-13632000.0
XTLB.TA,20.352941176470587,20.352941176470587,-1.7976931348623157e+308,-0.3220258002866698,-0.3370842710677669,0.0467616904226056,0.044672718585762,0.0,0.0,-0.0024738068767496,-1782000.0
AILN.TA,17.406649616368288,17.406649616368288,-18.26403162055336,-0.4059315482465387,-0.4539185445686555,0.1182145032318906,0.1057171972731745,0.0222257361726052,1.7976931348623157e+308,-0.7946747709918531,-24240000.0
ACRO.TA,1.1611700451633231,0.6479030492077354,0.3034262870942532,0.0433974248164586,0.1513344898124857,2.2831391442476483,0.6547242435004164,0.1430246048621956,0.8563075090227408,4.690922630151152,47724000.0
ACKR.TA,1.4518418755236964,1.2035758312239249,0.0966707701983885,0.0391035770871167,0.0698557362329577,0.7854768131351435,0.4396912088957652,0.4045025917024155,5.036736965798751,0.2630204166811589,93500000.0
ARBE.TA,5.633905455940167,5.633905455940167,-11.513790162069943,-0.6656912707545619,-0.830595040305212,0.2477180891432322,0.1985369061318428,0.0578168666776261,1.7976931348623157e+308,-0.6378013993168025,-43500000.0
ARGO.TA,2.367288453522301,2.367288453522301,1.2018065653227583,0.0383328344091824,0.0734606921330399,0.9163908243488192,0.4781857712453849,0.0318960101527551,1.7976931348623157e+308,1.4662012523697092,-43495000.0
ARD.TA,1.774003434736229,0.7535690238237541,0.0537432346533859,0.054790771418325,0.1254781888260509,1.284312524764958,0.5608024361240964,1.0194915094280268,1.6298784104389086,0.7042655598330951,27023000.0
ARIN.TA,1.0302963824232718,1.0302963824232718,-0.127386364971393,-0.006193388159736,-0.013715524612808,1.2460660996453166,0.5626741408480309,0.0486189252760835,1.7976931348623157e+308,-0.0442141026840015,33887000.0
BCUR.TA,2.9310080490609427,2.111482231834857,-0.6470670058024004,-0.4761716750749433,-0.7631893500832024,0.6027609159303443,0.3760766249908606,0.7358923740586386,0.4459811585488074,-0.3110000001910143,-19221000.0
ARYT.TA,5.1320362674726105,2.627502833396297,0.2275877241227587,0.1282067170653117,0.16379685706369,0.2769663143727982,0.2167864667245011,0.5633287891932086,0.7513764235613546,0.0856773124902945,10685000.0
ARAN.TA,2.1576558433510966,1.4774290494485067,0.1359619936000185,0.1026994894747884,0.2708410180745113,1.6126083548506087,0.6114806979509056,0.7553543954122666,3.125051241175131,4.808841588211216,16086000.0
ASHG.TA,1.1544420475258783,0.7838012898766423,0.1806446179083559,0.0510512147592364,0.1917181363644227,2.71539172579812,0.7230617237258832,0.2826057889260535,2.4363885854264224,9.196083855288377,30955000.0
BVC.TA,2.2444193164759323,1.5725732556099272,0.00210122025783,0.0013928451144815,0.0021205037065361,0.5316902326470665,0.3492387873114093,0.6628743984792871,2.2682162444502483,0.0005515905388984,-193000.0
BLGO.TA,10.805670595731124,10.805670595731124,0.465154247283006,0.2965511884418207,0.3148649094447927,0.0617556823804968,0.0581637408730775,0.6375330122727979,0.0,0.3430000013835717,4509000.0
BONS.TA,7.140758231667323,7.140758231667323,-1.7976931348623157e+308,-0.5187374346602333,-0.6863572682615404,0.3231303977726152,0.2442165929500067,0.0,1.7976931348623157e+308,-0.0623152034534798,-28529000.0
BOTI.TA,1.1939895036729544,0.5849973208144218,0.1137193521885796,0.0598536868664685,0.287278349066548,3.799676746855309,0.7916526356373503,0.5263280674270264,0.8643640145605824,4.004244482173175,5855000.0
BEZQ.TA,0.980192416525184,0.956140350877193,0.1112842198976185,0.0745600954369221,0.6161429451632778,7.26309303758472,0.8789144050104384,0.6699970175961826,17.941176470588236,0.3615328994938539,1189000000.0
BCOM.TA,0.9997176736307172,0.9757199322416714,0.0175829067438237,0.0099653106275622,2.925925925925926,258.5,0.8804162724692526,0.5667612740460423,0.0,1.4107142857142858,187000000.0
BIG.TA,0.7736627481531694,0.7384390969230762,0.6179475686010635,0.0375865502247648,0.1280325115651636,2.268411363321204,0.6659383354711809,0.0608248209631359,5.554907494965098,53.036565896564944,860986000.0
BHNY.TA,3.9232072275550536,3.9232072275550536,-1.7976931348623157e+308,-0.9124435217975332,-1.6155675675675676,0.7705945945945946,0.4352179753327634,0.0,0.0,-8.931436996732591,-7720000.0
BIOV.TA,3.1143291139240508,2.587746835443038,0.0201406759306913,0.0140001908032818,0.020759654830952,0.4828122789644928,0.3256058004197672,0.6951202060675443,2.3990384615384617,0.0043350705568551,383000.0
BOLT.TA,7.107255520504732,7.107255520504732,-124.55555555555556,-0.1376401045412288,-0.1475887752031297,0.0624247667770087,0.0582168353475645,0.0011050499026503,0.0,-1.7182698706294095,0.0
BLRX.TA,4.869463432905703,4.869463432905703,-1.7976931348623157e+308,-0.3266521784666946,-0.4907653271965539,0.5024094726696957,0.3344024926686217,0.0,0.0,-0.0322382262456856,-60614000.0
FIBI.TA,0.0,0.0,0.3172820708031976,0.0085070551912428,0.1578747987498816,17.51302206648357,0.9436860503687072,0.0268122783292082,0.0,16.61516331499519,2172000000.0
BKFR.TA,0.3410948498112562,0.3410948498112562,1.043393629148474,0.055837785480829,0.1016122478048126,0.8197757473691266,0.4504817412553646,0.0535155514859707,1.7976931348623157e+308,1.437757536294038,125664000.0
GOHO.TA,0.3410145904331564,0.3410145904331564,1.339121389133392,0.102827558154253,0.2394860816155972,1.3290067946215447,0.5706324248133006,0.0767873315956797,1.7976931348623157e+308,5.374807297019527,16147000.0
BVGG.TA,2.24919801516262,1.6927887445783425,0.0365301506151497,0.023575825047059,0.0391482920907206,0.6561319973827562,0.395134815644739,0.6453799026298487,2.3219032400859416,0.18049649256715,-6353000.0
ARF.TA,0.6208476517754868,0.2187857961053837,0.0124016217505366,0.0379285193289569,0.1158129175946547,2.053452115812917,0.6725018234865062,3.0583515681983955,11.64102564102564,4.162060053243954,116000000.0
BSEN.TA,1.7046030071221314,0.372909522553416,0.0287927095930907,0.018188552864099,0.0341903898458748,0.8795648232094289,0.4679095896964973,0.6317068841781969,1.4395408491715278,0.5537413367790438,59935000.0
BKRY.TA,1.139404077182273,1.0786535796311665,0.0192950872469919,0.0298631595188079,0.1031538051584786,2.454730077039756,0.7106475205023357,1.547707928787078,45.773200706382674,0.2184476068998217,39816000.0
BLITZ-M.TA,0.0,0.0,-2.0397009538540862,-0.5881216085631458,-1.0275324675324675,0.7471428571428571,0.4276369582992641,0.2883371738645655,0.0,-14.542887917565794,0.0
BCNV-M.TA,0.9374503067129908,0.9374503067129908,-2.0131013644303857,-0.1088746382186633,-0.2416753101744004,1.1793612872875257,0.5313018255355385,0.0540830383121169,1.7976931348623157e+308,-22.06157030138404,-143338000.0
BWAY.TA,7.1353642058715145,6.664046185972239,-0.4911874011112337,-0.2070350667679948,-0.2940502676388307,0.4202920897856687,0.2959194751616855,0.4214991392279417,1.8579619494396664,-0.4,-4197000.0
BRMG.TA,1.4503030688289689,0.8120898474746757,0.0501114038432874,0.0416585533843249,0.1064984325760879,1.555588010235566,0.608492957134512,0.831318825443468,2.312125757273931,2.5597745476119846,-25000.0
BRAM.TA,1.062080437236381,0.7611635873977702,0.0690248827461927,0.0585154267943366,0.1295563675897683,1.2140549029082233,0.5483400169135499,0.847743950677906,7.296591208212687,0.4269293924466338,-3312000.0
BRAN.TA,1.4654102912506646,1.4575219285290084,0.0366136390069913,0.0238778296559745,0.0856251737769127,2.4327558902817907,0.678409493148145,0.6521566908827346,133.60662199448169,0.5561966514417355,42797000.0
BARI.TA,0.6407047908626672,0.391533154017074,-1.0976940054288542,-1.0891014346841177,1.95473436935309,-2.7948138778460425,1.557160835640574,0.9921721620941354,4.713235294117647,-289.01772713306707,-13404000.0
ORL.TA,1.7590441885772123,1.1651301960821585,0.0407481303575191,0.0974743589686943,0.2530013813493185,1.5955685579894343,0.6147279574173087,2.3921185613540072,13.398299230826677,0.1380000000081319,408267000.0
GAON-M.TA,1.1834852724100304,0.5758675597210445,0.0075343045362164,0.0046879225087212,0.0201899461524565,2.610252941244297,0.6060770754074601,0.6222103826819058,1.72454782060438,1.7451827242524918,-25247000.0
GVYM.TA,1.6447288668912616,1.6447288668912616,1.4415143587041266,0.0645682935745726,0.2352952863882732,2.350591015418789,0.6450348117338122,0.0447919878041432,1.7976931348623157e+308,4.351577354520995,499360000.0
GOLD.TA,2.2894520445540856,2.2894520445540856,0.1877524087359469,0.0345555886311629,0.0449239060756428,0.29996557373157,0.230734321096779,0.1840487100208741,1.7976931348623157e+308,9.396436093160364,27907000.0
GRIN.TA,2.906861175008978,1.885537081792505,0.1013602277411252,0.0846413661780749,0.1462084887848875,0.7088382249142047,0.4103526153276355,0.8350550118558299,2.8730922015471463,1.220000004061831,0.0
GOLF.TA,1.1973479210148663,0.4848702688690716,-0.0184688741388583,-0.0175040615265377,-0.0881042286628823,4.033359173772787,0.8013255232786332,0.9477600743246936,1.491348689269224,-0.3987595355049007,-44782000.0
GOSS.TA,1.03292026161684,0.9477022974886324,0.0371239993567833,0.0723423805484874,0.2430058169443235,2.359107277116062,0.7023018565639431,1.948668834228631,34.54994478466018,0.3850949866477202,0.0
GCT.TA,0.8396053235429096,0.8396053235429096,-0.5818497611810681,-0.0340144688412235,-0.2671451355661882,5.452551834130782,0.6942505394085544,0.0584591953293565,1.7976931348623157e+308,-8.152736033876444,-1203000000.0
GFC-M.TA,1.6689792566741628,1.6689792566741628,-1.7976931348623157e+308,-0.0058899828360253,-0.0146939857174737,1.49474168712341,0.5991568966192001,0.0,0.0,-0.2067555588003192,15695000.0
GPGB-M.TA,0.8258824811156305,0.8258824811156305,-4.109048723897912,-0.0099097435553093,-0.0296948356807511,1.9871898054996648,0.6631638437047109,0.0024116880137427,0.0,-0.0880258150738169,-14819000.0
GILT.TA,1.7096679307082607,1.4471288765929706,-0.0247164776517678,-0.0153809828987755,-0.0242826420890937,0.5787444956477215,0.3665852816863037,0.6222967170111906,4.63093507751938,-0.1047497990616835,23504000.0
GLTL.TA,0.9765549397378376,0.9403976422978798,-0.0945182222015489,-0.0910618656030832,-0.4132180986273513,3.5377732587697,0.7796275964059244,0.963431849246006,39.54014598540146,-0.0695437899996577,715000.0
GLBX.TA,1.4167385339082712,1.4167385339082712,-0.7250282289585686,-0.5169456099335801,-0.980817813289466,0.8973327066564831,0.4729443094025298,0.7130006657480376,1.7976931348623157e+308,-2.8499999018389324,-16583000.0
GLEN-M.TA,0.3710099424385139,0.3710099424385139,-6.012658227848101,-0.5021141649048626,-0.900303260045489,0.7930250189537529,0.4422832980972516,0.0835095137420718,1.7976931348623157e+308,-0.0580202276835882,-2501000.0
GKL.TA,1.86578418230563,1.86578418230563,-0.8267070008643043,-0.0544220396458726,-0.1766813824186785,2.246504239244879,0.6919763763399258,0.0658299005439359,1.7976931348623157e+308,-1.7976931348623157e+308,0.0
GLRS.TA,1.123958113362235,0.4387165695688359,0.1178968526276758,0.1644719595543488,1.202989111826337,6.363076080257481,0.869955996629529,1.3950496208220204,1.8243328982669855,57.17575264442636,59461000.0
GLTC.TA,0.0663615560640732,0.0663615560640732,-1.7976931348623157e+308,-1.5341925302472383,-2.341629867523083,0.5262946607788037,0.3448185165702262,0.0,0.0,-0.2859974674049059,-8831000.0
GMLA.TA,1.1220748292336704,1.1220748292336704,0.4228160008317521,0.0304592670264905,0.1229772484152513,3.0374329529432664,0.7523178683943208,0.0720390594645707,1.7976931348623157e+308,0.4165471572122514,46403000.0
GSFI.TA,2.381160182264283,1.0143883631265336,-0.038636606095089,-0.0401094565473196,-0.0702713190828833,0.7519888109174401,0.4292200990277194,1.038120596012127,2.415730625224393,-0.5789263354202744,14836000.0
GNGR.TA,2.1052903090421835,1.2915287729683176,-0.0290826671508734,-0.0273513158860529,-0.0842158183126395,2.0790408279984502,0.6752235336060626,0.9404679338439392,2.9031691370427475,-1.202832674571805,0.0
GNCL.TA,7.318124738384261,6.990058601925492,-4.9542077536134,-0.4367386308155804,-0.5479509360106375,0.2546427024038964,0.2029603343772699,0.0881550900841897,3.2070175438596493,-0.3411438241006038,-28302000.0
GNRS.TA,2.9840150994395964,2.9840150994395964,1.6888608667192884,0.0504004481342104,0.0971733444990545,0.9280254064466532,0.4813346356036885,0.0298428657608227,1.7976931348623157e+308,0.1370711375523932,277202000.0
GEFR.TA,0.7547381946675233,0.7547381946675233,-334.7,-1.884572072072072,-4.565128438281428,1.4223687201636737,0.5871809309309309,0.0056306306306306,1.7976931348623157e+308,-0.2020606524057714,-6910000.0
DUNI.TA,1.0005100071244073,0.4225275639235083,0.3127904451682953,0.0339203020999104,0.0644343578334595,0.892226682333387,0.4696965970324838,0.1084441760414382,0.477770507470467,9.997886836223635,-3524000.0
DRAL.TA,0.9779271676886692,0.9043643458582988,0.0032532153074674,0.0039185156466222,0.0196658268036016,4.002512925574015,0.797520983038305,1.204505474208109,30.69601439067207,1.6782433295498458,66436000.0
DORL.TA,2.901184192694121,2.901184192694121,23.121802783334044,0.3250313563877441,0.5548077576052175,0.7057734755993262,0.413473868978908,0.0140573535477961,1.7976931348623157e+308,6.965000020127353,-41141000.0
DRSH.TA,0.9937649837977396,0.9937649837977396,1.2673607883238822,0.0813410954467192,0.2158457091417378,1.6535874388748908,0.6231516680588466,0.0641814834387412,1.7976931348623157e+308,4.231410455371791,41295000.0
DNA.TA,83.56273764258555,83.56273764258555,-42.02857142857143,-0.2870663999609699,-0.2938107008214116,0.0234938706214266,0.0229545787188369,0.0068302678440747,0.0,-0.2018978414250467,-1177000.0
DSCT.TA,0.0,0.0,0.2794211704509114,0.0092766102018823,0.1404742765273312,14.118810289389067,0.9323749714667926,0.0331993820901702,0.0,2.8661331312688976,4192000000.0
DISI.TA,1.257429134195427,1.240215808855014,0.4763205828779599,0.0157691611891696,0.2214225232853514,10.542760372565622,0.750829162395224,0.0331061930893083,1.0,3.681465265410417,-698000000.0
DIPL.TA,2.0691861682996526,1.1655843770873433,0.0258458885697274,0.0493962937997422,0.0980455057586379,0.9815087214154564,0.494493784237283,1.9111857449388936,5.017548540610525,2.735030920334667,73066000.0
DLEKG.TA,0.9601719559994942,0.8815273738778606,0.3315548145060442,0.0923380543301602,0.4647656889096646,3.5282225078882785,0.7009751567216159,0.2785001160900859,8.35209003215434,224.28378073539363,1593000000.0
DLEA.TA,0.9904942923654322,0.3920242459802379,0.1366934840237644,0.122894633394387,0.5300331826467047,2.769052628773397,0.6420384964646629,0.8990526086307199,2.879656060737328,7.470329211665884,333289000.0
DELG.TA,1.5810871161991011,0.7839051051306506,0.0538881568228256,0.05915479258863,0.1605059906050423,1.671865561791493,0.6161692792340071,1.0977327130174477,2.557636151337863,4.135695666956292,79210000.0
DLTI.TA,2.458094816407856,1.7260270723299282,0.1054305448830278,0.100883482941166,0.1905854344767882,0.889163903945854,0.4706653044178313,0.9568714934850554,2.0829526185616003,3.872718047487393,116051000.0
DIMRI.TA,1.3639970315176366,0.6706864865337596,0.1928143999335188,0.0476009660429739,0.1504970817131317,2.1618217277973284,0.6837661002091378,0.2468745387242161,0.8293394505993528,14.634755184947617,248632000.0
DANH.TA,0.4332209271822108,0.4157664648631854,0.0698287229018282,0.0417351783315636,0.0918694441950255,1.2012471940378917,0.5457120841727754,0.5976792442593989,83.16263643996642,1.0500000015393638,123199000.0
DANE.TA,1.123319833034305,1.123319833034305,0.0489801547164751,0.0914631208178012,0.2347795583258477,1.5373756257996751,0.5989157386934991,1.867350590198044,1.7976931348623157e+308,21.28810443096157,-11223000.0
DNYA.TA,1.2453988492381665,1.1815170488805644,0.0390775286934851,0.0763023542264218,0.2487022963573504,2.2594314930224044,0.693198030963148,1.9525890397245784,43.07256347256347,5.568932655654384,196051000.0
TASE.TA,1.305923156797642,1.305923156797642,0.1408156538166427,0.028053174992964,0.0740565927790597,1.6398649278605226,0.6211927400352072,0.1992191509439168,1.7976931348623157e+308,0.4921577819356098,83206000.0
HDST-M.TA,6.499797324685853,6.499797324685853,-1.7976931348623157e+308,-0.8012270883606305,-0.8897599635098923,0.1104966075602942,0.0995019766904554,0.0,0.0,-2.814844877344877,-29187000.0
HLMS.TA,0.4681643149207581,0.464565018900715,0.0687508537751497,0.0255254711307863,0.2567555530362536,9.058797807127643,0.9005845410978037,0.3712749693882726,434.7450980392157,0.3452793204835021,40063000.0
HMGS.TA,4.303127740426776,3.88307512423268,-3.225696660285046,-0.7729636048526863,-1.0539338337503474,0.3634973589102029,0.2665919053930064,0.2396268732796411,2.3402922755741127,-0.773188924512256,-11335000.0
ISOP.TA,33.835978835978835,33.835978835978835,-1.7976931348623157e+308,-0.196913325065454,-0.2072516316171138,0.0525018129079042,0.049882871710073,0.0,1.7976931348623157e+308,-0.0332892450788933,-929000.0
HIPR.TA,1.6401448241812495,0.6821657798014154,0.0517361261282241,0.0878637211141872,0.2216031350195938,1.5221232632703954,0.6035086728063732,1.6983049889824284,2.8818759663288094,0.3411953135284567,14307000.0
HICN.TA,2.8331005073156383,1.7609734578339828,-1.47397989355411,-0.4774995689572597,-1.5329971092933146,2.210468048465465,0.6885189371443897,0.3239525661411138,0.999039912220546,-2.740349845649864,0.0
ILDR.TA,0.9582258064516128,0.3248028673835125,-3.0141270618977627,-0.2600629883534957,1.740756461045086,-7.693595548009809,1.149396537754261,0.0862813620703017,0.1579572782571792,-0.7139872719887034,-26154000.0
ILDC.TA,1.1446905240148015,0.8119933026565548,0.3292125277247563,0.0256851050839704,0.1472585842546304,3.9706814074201153,0.6925733377159399,0.0780198288974133,0.7135670818279913,5.680689513646624,69155000.0
PHOE.TA,0.0,0.0,0.1480758167631204,0.0085218821669831,0.1239185794279173,13.502912440099609,0.9285954475660824,0.0575508030498712,0.0,4.9133660077074,777403000.0
HARL.TA,0.0,0.0,0.07140605296343,0.0066976661664362,0.1086982603479304,15.223035392921416,0.9379985362716324,0.0937968966001582,0.0,4.27142904288873,485000000.0
ONE.TA,1.1276933502636426,1.0515610538625793,0.0509178857429982,0.0828351688894024,0.268779578185071,2.193031470037853,0.6758702927767676,1.6268383433574358,34.904902784057874,2.2834316563278194,181931000.0
YBOX.TA,0.4693592177785268,0.3652535030639465,0.4691344929995757,0.0186271735211969,0.0603050291912881,2.237476105683098,0.6911174114166928,0.0397054017539781,0.9036501150937192,0.0738267245946233,35061000.0
WESR.TA,0.0,0.0,0.0138278954829723,0.0011671910282954,0.038836320309785,32.229161495308546,0.9686187529288696,0.084408435812431,0.0,0.2173053408823781,38898000.0
VILR.TA,1.030116719017704,1.027765384066248,1.4999696397126845,0.1048779531482141,0.1421232320388139,0.3479969649548398,0.2567997424677691,0.0699200506273602,128.21631878557875,23.70177220905294,246662000.0
WLFD.TA,7.472158471512995,6.440415399621321,0.0411859730095821,0.0332458612757961,0.0654470546593239,0.2404614840065434,0.1221498687919137,0.8072132050409823,4.938592222886458,1.5559939085461625,17973000.0
WILC.TA,12.039246504644836,10.351881392511965,0.083407414839713,0.068313303705262,0.0742951930845625,0.0875655114721044,0.080515160280853,0.8190315433770742,4.938592222886458,2.9973281203881124,31656000.0
VCTR.TA,1.099869451697128,0.6046963034217397,0.0159384559035045,0.019080016525225,0.1003295287086933,4.2583564891598105,0.8098265109903604,1.1971057071488145,6.648820742899211,2.562213581447021,46461000.0
VTNA.TA,0.5481409658254661,0.1171407868466186,0.7218967569090313,0.0492342124568838,0.1186495611328809,1.3959130410954244,0.5792409055745005,0.0682011824899887,0.2717882556897212,2.667473923480552,78064000.0
VRDS.TA,1.203874763585314,1.1035618187844871,0.1348769640537481,0.084943077071094,0.159403761033415,0.8765950861422213,0.4671199944066074,0.6297819473253006,21.78696729675883,1.3399950979467938,-81357000.0
ZOOZ.TA,7.853767123287671,7.248630136986302,-1.7976931348623157e+308,-0.3076711359257657,-0.36804477682141,0.1962278350030572,0.1640388471670664,0.0,0.1007357102433503,-17.324096766980382,-11755000.0
ZNKL.TA,1.1640113275254544,0.4020839188049893,0.1055718589665938,0.0826187738526274,0.1980079739673419,1.3966462431473718,0.5827502691065662,0.7825833007143557,1.6401672057349297,1.893007286995516,67648000.0
ILCO.TA,1.9409326424870463,1.2037996545768566,0.0951572641038442,0.0727925450656889,0.388029315960912,2.947882736156352,0.5530094714329361,0.7649709746410022,2.337394564198688,124.93445201887782,273000000.0
HGGE.TA,1.6806407148628737,0.7398165312039545,-0.046152346605585,-0.0063191891152467,-0.0203293046819655,1.8895734495416785,0.5873576180594017,0.1369202127304635,0.3701879357381024,-0.0222835064403333,-6922000.0
HGG.TA,1.3322432355788,0.3471824826751704,0.3335329609246199,0.0284260412517138,0.1029963044409417,2.4932396884123977,0.6881114290256853,0.0852270827234321,0.0925532469186548,1.582148279971918,196947000.0
HOD.TA,1.566221096721802,0.8546537305352538,0.022414317517847,0.0352751124094027,0.0679201384209539,0.9142536715786278,0.4748282583843456,1.5737758859405584,4.456306233028418,3.5676973148901547,26986000.0
HLAN.TA,1.1270629784203343,1.1262667273134088,0.0777088925006012,0.0853101936322555,0.2082434213210885,1.4255516537009345,0.5839996617347795,1.0978176484962194,2264.7467018469656,7.599886119749463,216160000.0
HRON.TA,0.4436989269769992,0.3027178027830718,0.4943965734211333,0.0857299291793132,0.1102130628783381,0.2855844386365445,0.222143664821758,0.1734031621337459,5.874351851851852,271.6861849665921,67989000.0
SCC.TA,0.2927457264342553,0.2927457264342553,-0.7144762292578642,-0.1639452635906636,-2.423529818018578,13.782554646223971,0.93235269383865,0.2294621666573228,1.7976931348623157e+308,-2.733728041132708,0.0
HMAM.TA,1.5810187848524595,0.7454341839826342,-0.0115968034580287,-0.0152236923912186,-0.0412646420051981,1.710554111629342,0.6310717444416228,1.3127490214278834,2.5620731438642874,-0.2451008036091921,3067000.0
HAMAT.TA,0.9879060983085104,0.5612443916978301,0.0850934738561046,0.0571579674330821,0.18184394882052,2.1814278391444626,0.6856757246869015,0.6717080034802411,2.137240505346093,2.462543134861701,0.0
TSEM.TA,3.8596291057028096,3.079770152921619,0.1577055270163458,0.1038499643587239,0.1398961812750868,0.3484949351754274,0.258700318102314,0.6585055471642419,4.009513154236234,2.388798598696209,518494000.0
TEVA.TA,1.0507454878367777,0.7165402389048741,-0.1638860971524288,-0.0555770148371997,-0.3134290107637109,4.537801127626858,0.8046397491536207,0.3391197655131671,2.074615183929037,-2.203603603603604,-559000000.0
TPGM.TA,2.653101826731778,2.013836136733586,0.0827355332376853,0.0570481918251338,0.0785089141004862,0.3761858454889249,0.2733539563148721,0.6895246769153464,4.054463148960249,0.0376582048863412,3213000.0
TGI.TA,1.9575121524599832,1.4306547074257123,0.0610701016816581,0.0315189589975999,0.1293755178127589,2.8535107705053853,0.6951832193238909,0.516111126880052,2.776771927115504,0.1857551763874949,0.0
TTAM.TA,0.7864603491673442,0.4266325170856138,0.0382055157466355,0.0515896906746422,0.2325812456460251,3.508289206710546,0.7781863686758361,1.3503204881924735,7.734861828997142,0.5737723392466403,37654000.0
FGAS.TA,4.806911684037301,1.9270433351618208,-0.5040939836240655,-0.2615924625900609,-0.8168445341794058,2.122584366887799,0.6797524478108258,0.5189358950674302,0.7525714285714286,-0.156498673740053,-1631000.0
TNPV.TA,18.401041666666668,18.401041666666668,68.3,-0.2401124978027773,-0.2607367818285932,0.0858942546287459,0.0791000175777816,-0.0035155563367902,1.7976931348623157e+308,-0.5825159914712154,35000.0
TLSY.TA,1.4033537149230226,0.7559869752114287,0.2056522853718189,0.200459242250287,0.3934726125457341,0.8478268554359545,0.4319353458949596,0.9747484297967176,2.2070055147217964,13.722723801789042,128416000.0
TRLT.TA,2.341913094963981,2.338492154863327,-0.1682286202052176,-0.016107967654656,-0.026852953115198,0.6226024655893315,0.3734732762686727,0.0957504593154624,183.78846153846155,-0.11,-11376000.0
TRX.TA,2.397035325825392,1.4781467577886866,-0.0217625185401825,-0.0148267279613871,-0.0362941155976727,1.429754729470787,0.5840777237930378,0.6812965114313824,1.470211948741227,-0.0672335648543001,-2063000.0
UMH.TA,9.798270149317958,5.991393777701278,-0.0247936417129781,-0.0036100062769783,-0.0150006953350742,2.451905990697962,0.5900657149061874,0.1456020990691627,1.053736944431885,-0.516188935262645,8009000.0
YHNF.TA,1.0541116572522409,0.8790073087009416,0.033951355613709,0.033312917132617,0.0954458380947061,1.85035225353197,0.6458179059300502,0.9811954936834908,20.423461904833907,8.72832689122032,139306000.0
HUMX.TA,9.96328388897048,9.10016155088853,-14.05357705641349,-0.6164906265553282,-0.7217986694507842,0.1708185629421,0.1458966985566554,0.0438671680583973,0.1271056661562021,-1.6666137814293882,-36635000.0
UNIT.TA,1.601633705932932,0.9261392949269132,0.1212770061728395,0.1235790149584269,0.2461211227539049,0.9916093588923832,0.4978935022899563,1.0189814117138307,2.12408350305499,1.354787645422745,41213000.0
JCFN.TA,0.0,0.0,0.617926062798475,0.0306839879427376,0.1939860128433471,5.322060000980408,0.8418237093850861,0.0496564067936793,0.0,1.935619329095354,56813000.0
YAAC.TA,1.458950514779143,1.3815786560389682,0.0702186873568736,0.0428100206456307,0.0964465195851302,1.267433260861817,0.562579596421424,0.6096670595401008,19.76370010015739,0.1201984507070445,-4568000.0
EXPO.TA,257.1761860356685,257.1761860356685,0.1980290809951153,0.006624137585988,0.1395685533192483,19.839919937729345,0.941633027189817,0.0334503273595026,1.7976931348623157e+308,11.116287308475776,103294000.0
JBNK.TA,0.0,0.0,0.2011572079281053,0.0086422103748836,0.1338028169014084,14.453979692106126,0.9335702801049336,0.0429624693238554,0.0,2.3177304964539007,134600000.0
ISRG.TA,0.6544241125716602,0.6544241125716602,0.0538958626103913,0.0650012298713857,0.3892060930091798,4.9774437607182485,0.8312818629350459,1.2060523150222893,1.7976931348623157e+308,0.0900000001866155,17064000.0
ISCD.TA,1.1797195253505932,1.1797195253505932,0.0582050319188884,0.0068333112903936,0.0554760200429491,7.1141732283464565,0.8762950227042279,0.1174006965568928,1.7976931348623157e+308,0.775,252000000.0
ISCN.TA,1.2028854139526852,0.6324867531708402,0.1770522128726797,0.0308485857592704,0.125830927595645,2.69219838697746,0.6600166938967875,0.1742343981967285,0.9040377379477348,0.909995259700684,-55738000.0
ISRO.TA,1.0623820530291035,1.0244298230958873,0.1350358783368349,0.0620567114729919,0.1247786177852103,0.999858828732598,0.4972642905468767,0.4595572098120255,42.34359209921911,4.50565903217182,233421000.0
ISRS.TA,1.631357349890647,1.4514955466414037,1.0764762047403302,0.0622204961265106,0.1357180353128561,1.1096311136833776,0.5087149858280641,0.0578001593091596,0.876347402120598,106.40062916358254,466179000.0
ISHO.TA,1.631357349890647,1.4514955466414037,1.0764762047403302,0.0622204961265106,0.1357180353128561,1.1096311136833776,0.5087149858280641,0.0578001593091596,0.876347402120598,89.82291581072903,0.0
CDEV.TA,1.7619760479041915,1.7619760479041915,0.7052708371329565,0.5173244147157191,0.6132254995242626,0.1853790041230574,0.1563879598662207,0.7335117056856187,1.7976931348623157e+308,2.4059729351376573,0.0
CBI.TA,5.713942307692308,5.713942307692308,-166.86486486486487,-0.3379495319940883,-0.4898950224951796,0.2998801844049291,0.2068695604576057,0.0020252887404893,0.0,-0.3936345204850617,-31051000.0
CLIS.TA,0.0,0.0,0.0165617300848617,0.0008366985672401,0.015134459036898,17.080175109443402,0.9442661946119378,0.0505199977872434,0.0,1.627941394109812,220000000.0
CANF.TA,3.6598721023181455,3.6598721023181455,-12.559259259259258,-1.0958741786060542,-2.2748211091234345,1.075805008944544,0.5182591834536249,0.0872562749111278,0.0,-0.0124707891256086,-7634000.0
KNFM.TA,1.5856064801993908,1.5856064801993908,0.174053869757927,0.0248549115837033,0.1082026282323018,2.989296311996609,0.686662576926073,0.1428001090597491,1.7976931348623157e+308,0.3124043816167921,14311000.0
KAFR.TA,1.8887085763805147,0.9377853717957628,0.041754334811582,0.0517736435265743,0.1008638396102951,0.9481696233822888,0.4866976735506925,1.2399585279038632,3.74178419901045,1.8525643700705252,0.0
CRMT.TA,1.185506533319456,0.7963648061766125,0.0026605989483019,0.0023251808473992,0.0082361586777776,2.542158317272362,0.7176862493345442,0.8739313562772054,4.390925889904688,0.1063256608211419,521000.0
CRML.TA,1.2801466308846352,0.4157034079151578,0.0868274612950933,0.1000517725352093,0.1670914748650145,0.6649591778835545,0.3981671983238641,1.1523056305328527,2.269290830543659,2.26363749393132,104175000.0
LUMI.TA,0.0,0.0,0.4478591762040318,0.0110259938269309,0.1559326833609773,13.142178081637606,0.9292828884699772,0.0246193321757636,0.0,5.137730361460558,7027000000.0
LAHAV.TA,0.5994097953008322,0.5994097953008322,1.0571588826495006,0.094902720773784,0.1667535973350863,0.7406688414765251,0.4215290666697893,0.0897714831056751,1.7976931348623157e+308,0.6729999995017614,0.0
LUDN.TA,1.4151143807949098,1.2949831515937964,0.0480983252483653,0.0711113735073362,0.2348010340297495,2.186015171420096,0.6620522008768598,1.478458410768741,22.137331765320788,2.403731019522777,0.0
LUZN.TA,1.687428437578655,0.7247274626566008,0.0452849169445706,0.025439073311717,0.0997981866624249,2.738952459537917,0.6981731306519483,0.561755989148766,1.1150430708780414,0.1013350157728706,106097000.0
LEOF.TA,1.7976931348623157e+308,1.7976931348623157e+308,0.0,0.0,0.0,0.0,0.0,0.0,3.2545379294034174,0.0,-12997000.0
LEVI.TA,1.1646049738016278,0.6434999045403441,0.2616248890674972,0.0525158266759807,0.1597987919677017,1.6793208632308685,0.5518872971493777,0.2007294751778452,1.3606856348853114,51.36551721114944,59287000.0
LVPR.TA,0.0988696344985559,0.0988696344985559,2.6695816253497298,0.0985632360628517,0.1592960485038235,0.6161811935866615,0.3812574951569755,0.036920854986009,1.7976931348623157e+308,14.244380023261062,46257000.0
LBTL.TA,0.8599419573094294,0.496763003795099,-0.0159661460462834,-0.0076283188721939,2.0409407665505226,-249.8205574912892,0.9337413925019128,0.4777808526917254,2.1932321465159896,-0.2797946023405779,-18836000.0
LPSN.TA,2.1206481209104857,2.1206481209104857,-0.438513986013986,-0.2073089426414678,-3.3155181529784983,14.99312654212196,0.9374731390159238,0.4727533197421345,1.7976931348623157e+308,-3.029778630359196,-100435000.0
LCTX.TA,3.16105579263474,3.16105579263474,-1.7869142351900973,-0.2124547160046578,-0.3582404995977583,0.7053273156165205,0.4182947341182559,0.1188947470565403,1.7976931348623157e+308,-0.1547363833396155,-21486000.0
LPHL.TA,29.5087550971456,29.416166946509957,1.7976931348623157e+308,0.0087986006321178,0.0091828659630648,0.0436734597936205,0.0418459043715231,0.0,1.4015544041450778,0.0170000001160409,-289000.0
LAPD.TA,1.5071744414142727,1.135785170833817,0.0351253618123908,0.0305872434044503,0.1289822612633129,2.6485671708450607,0.628089226644044,0.8708022302466453,4.627449870376818,4.317181920778524,240151000.0
MSVT.TA,7.1133321434945564,6.468855970016063,-1.1926779103249692,-0.3442650201852291,-0.4175042479048469,0.2127408346053048,0.1754215150795535,0.288648777012586,1.574909997230684,-0.6680409345918942,-9748000.0
MISH.TA,1.7999817886573688,1.7639233302475226,0.8860603647451447,0.0509535583735714,0.1310773179856293,1.4305497535785174,0.5560962147795296,0.0575057415960899,2.0866161616161616,17.713133640552996,140489000.0
MVNE.TA,1.037197279313664,0.4584350142705149,1.2346668755766788,0.076152502698898,0.1598688407486842,1.0941822659247182,0.5212067440327911,0.0616785824624389,0.4677781749476586,1.6782717299134289,332561000.0
MGDL.TA,0.0,0.0,0.116599734652669,0.0038140537979283,0.0928486966361149,23.34280257977475,0.958879424905692,0.0327106558972003,0.0,0.7125610900199115,587178000.0
MDTR.TA,0.14198964051147,0.14198964051147,0.5161016334248142,0.0238020672065547,0.1066745358754759,3.2937914412650016,0.734936830106124,0.0461189534483854,1.7976931348623157e+308,0.7990733421641845,220579000.0
MGOR.TA,0.8119824283533247,0.8119824283533247,-0.8965862639695116,-0.0260930196466673,-0.0776251106735559,1.9384308141609288,0.6515870042403309,0.0291026314982164,1.7976931348623157e+308,-5.129820156646563,252847000.0
MGRT.TA,2.1291385356478765,2.1291385356478765,4.917987785414849,0.0646883226480924,0.1562105436760384,1.4148182744794806,0.585890163840361,0.0131534126294369,1.7976931348623157e+308,1.6385608947276578,51443000.0
MGIC.TA,1.5962397390630108,1.5962397390630108,0.0714018546486189,0.0801162447712618,0.1539210503295591,0.8703176166768722,0.4530022310602386,1.1220471115985438,1.7976931348623157e+308,0.8235988440717978,37031000.0
MEDN.TA,1.1744176838580496,0.8736985795143878,-0.0853468200446966,-0.0660567294677015,-0.1418766612810757,1.14270730181894,0.5320361109110004,0.7739799729281914,6.930280383207102,-25.969999299397333,-154802000.0
MRG.TA,0.6134922145054388,0.2288766266028182,-0.0091624668675062,-0.0069546987976329,-0.0519360109434966,6.467758483109777,0.8660910094693404,0.7590421769815142,2.8449122903454103,-0.2923190663036447,-44667000.0
MPP.TA,1.6126716766001554,1.6126716766001554,0.0280139469201764,0.0150021439987525,0.0393281965336821,1.621505068672335,0.6185397419405138,0.5355241102405177,1.7976931348623157e+308,0.0609999999365986,39303000.0
MRIN.TA,2.3795210376696736,2.3795210376696736,0.0832775939885869,0.0582527545712816,0.1736086393956777,1.7527228417213467,0.58810975010046,0.6995009315382605,1.7976931348623157e+308,0.5856100442207619,66429000.0
MZTF.TA,0.0,0.0,0.3376623376623376,0.0104414745080459,0.1880571909167367,16.96484440706476,0.9419368094664388,0.0309228283507513,0.0,17.3792063547581,4910000000.0
CTPL1.TA,7.710084033613445,7.710084033613445,11.48089468779124,0.1406953105370154,0.1682739591301497,0.191522784395148,0.160133854130976,0.0122547340048881,1.7976931348623157e+308,49.30005842851311,0.0
MTRX.TA,1.2134201586036706,1.1577583424985018,0.0716223570624965,0.0836092251977127,0.3651961078514069,3.3150056361297198,0.7589485397134389,1.1673621007021129,33.810675591163395,5.301167383367356,227333000.0
MYDS.TA,0.5075067958458215,0.0471875653446713,-0.4334085778781038,-0.0109005232629656,-0.0375458323148374,2.4620712132322984,0.714802759194951,0.0251506864869468,0.2212228581811574,-0.027538726333907,1443000.0
CMDR.TA,1.1264346054414578,1.052044631101458,0.020100538512405,0.0318852323343618,0.25616363860099,5.455948491789092,0.6791135003199245,1.5862874676061,34.87352238227505,18.80332167832168,0.0
MTAV.TA,0.9020293911826452,0.9020293911826452,0.0620805369127516,0.0155625657202944,0.1494949494949495,8.115151515151515,0.844794952681388,0.2506834910620399,1.7976931348623157e+308,1.0949337121212122,130000000.0
MTRN.TA,1.472069609050935,0.4085303116099866,0.1221649161450918,0.1043672494064392,0.3238443085878913,2.0062396432455047,0.6465628935358053,0.8543144193909584,1.0516574188710144,1.990280905535143,148249000.0
MCMN.TA,1.4960483063537209,1.4960483063537209,0.2550609530845955,0.0352748238046946,0.2547245510638886,6.221143115390646,0.8615177702448981,0.1382995843859922,1.7976931348623157e+308,14.970217300688452,0.0
DIFI.TA,1.188887545893274,1.1740602388185128,0.1787520401059977,0.036257706674134,0.2067933191893967,4.703430750542241,0.8246669340370395,0.202838002031382,16.503175868542186,82.78259397223162,132467000.0
MCRNT.TA,16.88754646840149,13.111524163568774,-1.4197152640115336,-0.2019585726004922,-0.2197428244679367,0.0880589104906418,0.0809321164889253,0.1422528712059065,0.5934038887521536,-0.8546321485536832,-11712000.0
MSHR.TA,1.1928706439484404,1.0456468484943602,0.1084812707312968,0.0158505594278471,0.0715448867907296,2.8672005732470653,0.6352198614939824,0.1461133274066105,6.918680911218743,1.4634188258352263,-39778000.0
MCLL.TA,0.0,0.0,0.3851543268320394,0.0239119484684036,0.1328957420288689,4.557712798037875,0.8200698675266118,0.0620840707284363,0.0,0.6462884328913346,41025000.0
MLSR.TA,0.6632522407170295,0.614596670934699,0.8314405260011954,0.0545041338505544,0.1407609795587937,1.5333940497874925,0.5937463265546021,0.0655538576074605,5.697368421052632,29.249111592404905,1037000000.0
MLTM.TA,1.076950369089911,1.0094833648659072,0.0207267816186319,0.0256461646521567,0.0956017432687141,2.7340304133866664,0.7334321713008404,1.2373442787230684,31.905461930572557,2.55978128569556,63883000.0
MNIN.TA,1.880282532670716,1.2069574820541138,0.0672650526330896,0.0695550472925721,0.1828134446242955,1.5620161085866957,0.5943004056828995,1.034044345017817,2.842541021137589,1.9,37443000.0
MMHD.TA,0.0,0.0,0.0906994451043804,0.0078986707216182,0.090518722991568,10.429106930794145,0.9100446719134868,0.0870862077769949,0.0,8.528479445269936,514380000.0
MNRT.TA,0.6583476574551544,0.6583476574551544,0.8635183197087559,0.0502215157530646,0.0946426341149171,0.8845037370092094,0.469356318928269,0.0581591781052232,1.7976931348623157e+308,0.2088160558788209,147996000.0
MNIF.TA,1.4631768989684866,1.423011775683872,0.505191910405567,0.0461668704451047,0.2646011122216242,4.729826389778723,0.8252470306393013,0.0913848173222768,4.679797979797979,1.53661077487846,124423000.0
ISHI.TA,1.7407602633095112,1.4562683109209704,0.0856130516299635,0.0794184379961885,0.1474482510825742,0.8485842541436464,0.4570636509924242,0.9276440505759636,8.788470929564518,5.0558,96750000.0
MSLA.TA,1.2317237960925007,0.5773356779115945,0.0880657793736908,0.0225938727179571,0.0908462565678662,3.0208359895585186,0.751295501085634,0.256556779246615,0.5246013246346884,0.5341066003866335,19926000.0
MAXO.TA,1.6135295871006203,0.8595801456290009,0.0611774779009554,0.064464500468692,0.3175332934125809,3.865475312643826,0.7847553005406285,1.053729291898208,3.956543293547699,0.4498405019805798,81008000.0
CMER.TA,1.025602273159124,0.8206700791337673,-0.010994342092958,-0.0126963341950551,-0.0735129360881686,4.79009145149944,0.827291156214634,1.1548061800976015,6.22535412179222,-0.4301722823601159,16283000.0
MSKE.TA,1.3797918117378185,1.3797918117378185,-0.1836410896938189,-0.0044836100973536,-0.0063974071685064,0.4281047269665412,0.3000363469127377,0.0244150702047625,1.7976931348623157e+308,-0.026374670619635,1803000.0
NAWI.TA,0.9743393276122008,0.9743393276122008,0.5411875454296302,0.0397574825951043,0.1987678670942028,3.999508372259941,0.7999803329566249,0.0734634101077514,1.7976931348623157e+308,4.162826455620501,142700000.0
NYAX.TA,1.3652490313682435,1.1492282704365422,-0.2161727583941353,-0.1627373225504147,-0.3584746977588761,1.2027810961915228,0.5460284266426018,0.7528114261913852,4.766497248708363,-1.1429746777584788,-15887000.0
NVMI.TA,4.571903810006862,3.7021959005877614,0.2456735158017202,0.1424776827675908,0.2388787708935656,0.6766048285837438,0.4035565310612181,0.5799472617251208,2.176320754716981,4.399529337935363,136310000.0
NVLG.TA,0.9795875676362744,0.8718403393484232,0.0315063705735406,0.0194981694046594,0.1090421686332203,4.5263883884205525,0.8093775893761858,0.6188643455185606,7.048652623337601,0.0921105947540971,-42003000.0
NOFR.TA,1.4862274299405345,1.4163504987925677,0.4736942643760321,0.033439741540504,0.0950214275030994,1.281252201773285,0.4508955885145256,0.0705935115861115,6.2365325077399385,4.569265733624581,-88661000.0
NSTR.TA,0.8556678383128296,0.8556678383128296,-0.3334780720798957,-0.0193372947930305,-0.4052770448548812,14.95514511873351,0.7135663208782355,0.0579867056098297,1.7976931348623157e+308,-21.81384383787315,0.0
NTO.TA,1.6354163557178722,1.14153222527481,0.0146731016482672,0.0321151814661829,0.2655546022479855,4.588904074743146,0.5549649143480451,2.188711169323596,7.7012482206238815,17.915357766143106,43033000.0
NTML.TA,2.5195993169598365,1.8019485053735456,0.0304738312765835,0.0667266326012825,0.1078671806695314,0.6061768111343283,0.374980945241322,2.1896371347489887,8.170487540053383,6.4583396493355565,88282000.0
NWMD.TA,1.3261691884456672,1.3261691884456672,0.4106128158055774,0.1192434628078192,0.36484387136865,2.0596551188441823,0.6731657781162732,0.2904036557501904,1.7976931348623157e+308,0.4001482346025566,433600000.0
NICE.TA,2.118031014259339,2.118031014259339,0.1219207497934712,0.0547841049567414,0.0874219490908373,0.5913694061803006,0.3705893537414055,0.4493419294873392,1.7976931348623157e+308,4.001278868577447,338301000.0
NISA.TA,1.1741551713889893,0.6870373503175394,-0.0526534111739334,-0.0489715685328906,-0.1673521874767882,1.875617432964421,0.5488540606775245,0.9300739959870729,5.644599630182374,-3.968405988551299,5649000.0
PTBL.TA,1.016584064048799,1.0087685855890205,0.9683877766069549,0.0405470990514008,0.2314278519264669,4.135734072022161,0.7245973968674168,0.0418707257886609,3.5853658536585367,124.21000275721876,-530000000.0
NFTA.TA,1.65619267587107,1.65619267587107,0.1140258910474274,0.0418896120153336,0.193599243784103,2.3430357782154334,0.5069692307111647,0.3673693020992074,1.7976931348623157e+308,2.4681725280892928,166041000.0
NXGN.TA,4.171564733915806,4.171564733915806,-1.7976931348623157e+308,-0.57576571735626,-0.6934714019901302,0.213413154275544,0.1771896829661472,0.0,0.0,-1.1864753984907457,-14192000.0
NXSN.TA,8.495542449595392,7.785488958990536,0.4280010748973089,0.1734847895432973,0.1967042467227721,0.133841458035604,0.1180424803547809,0.4053372753442776,1.697894533513618,0.1407281825749806,27572000.0
NXTG.TA,0.8030474040632054,0.8030474040632054,-1.7976931348623157e+308,-3.697089947089947,6.245810055865922,-2.16536312849162,1.281746031746032,0.0,0.0,-0.2007436925362202,-3879000.0
NXTM.TA,1.8908925141802368,1.8008713652634647,0.0164890682155158,0.0215215645365395,0.06420866489832,1.9832537577365164,0.6647502141191184,1.305201983232028,33.09638054125851,0.509435285864609,17164000.0
NTGR.TA,1.4375104643375376,0.881041410871749,0.0117774395680499,0.0018017549346832,0.0084165604718015,3.671508164656373,0.7859692775406807,0.1529835856318925,0.4066473185276191,0.1006155225447678,128723000.0
SMT.TA,1.3345990084984407,1.3286241882421264,0.430263080242938,0.0309009560101895,0.0755911318835033,1.292910339268882,0.528529796067069,0.0718187486426722,47.77489031387108,4.836212615003029,-197157000.0
SNCM.TA,6.451110832182754,5.500453258580533,0.0768272163875683,0.1404119568718271,0.2494745841806408,0.7767331909516072,0.4371692918820263,1.8276330117636232,11.98537372551896,0.3371495122748385,22336000.0
SNFL.TA,1.0763880278721452,1.0763880278721452,-0.1734104527990532,-0.024941861858982,-0.101092697052293,2.984088115401246,0.736242238258493,0.1438313634293112,1.7976931348623157e+308,-0.6206228002147587,6071000.0
SPNS.TA,1.9547466359724848,1.9547466359724848,0.1107878905328435,0.07869450462636,0.1313220342368615,0.6628897589037812,0.3972355553427576,0.7103168428234562,1.7976931348623157e+308,0.946463919380961,62444000.0
SOLR.TA,1.8329109534226111,1.8329109534226111,-0.74458572388484,-0.0278546657604465,-0.1812251932645192,5.343693192182616,0.821336068751553,0.0374096156653611,1.7976931348623157e+308,-2.0751798378750896,-7452000.0
SOFW.TA,3.3791908446163763,3.054722759509993,-0.5480774628122369,-0.4238123141697593,-0.6038529329911253,0.4248121463248709,0.2981530915641209,0.773270829264058,2.3094883258817687,-0.5731561574047414,-8278000.0
STRG.TA,0.521805661820964,0.521805661820964,-1.7976931348623157e+308,-7.776996805111821,7.654716981132076,-1.9842767295597483,2.015974440894569,0.0,0.0,-0.8345655363312688,-6501000.0
STRW.TA,6.46046782773446,6.46046782773446,0.020012318597841,0.0033857404021937,0.2378628307218083,63.91163627022861,0.9097184643510056,0.1691828153564899,1.7976931348623157e+308,0.3082067707968426,2496000.0
CION.TA,0.0,0.0,0.8201148203274505,0.0267788428929332,0.0567440818257332,1.11898931005371,0.5280769019195037,0.0326525533122802,0.0,0.8865646059136252,95314000.0
SVRE.TA,4.883350538268692,4.584574546527061,-20.923721709974853,-0.7249019892551183,-0.940046697296076,0.2967914438502674,0.2288659793814433,0.034644983301873,0.4091806515301086,-1.4428404663053227,-33835000.0
SLCL.TA,0.4703106567046795,0.4703106567046795,-49.630434782608695,-8.44215530903328,14.205333333333334,-2.6826666666666665,1.5942947702060222,0.1701003697834125,1.7976931348623157e+308,-21.40933753097997,-6177000.0
SLARL.TA,0.0794290079510371,0.0794290079510371,0.8436409768474469,0.0515054201709554,0.1192789274941066,1.3158519452554565,0.5681934667504437,0.0610513495485046,1.7976931348623157e+308,1.2171517733352246,180000000.0
CEL.TA,1.0457380457380456,0.9849272349272348,0.0365116279069767,0.0224349814232637,0.0746197718631178,2.326045627376426,0.6993426693340955,0.6144612746499,25.93162393162393,0.9446959582104056,134000000.0
SANO1.TA,3.669408841699042,3.025525050443226,0.0752838785034513,0.0668784957134111,0.0847887891235938,0.2594864704441387,0.2046740492542013,0.8883508268021183,5.124050428968462,12.809269637932568,237557000.0
SPNTC.TA,1.219860263180594,0.7093177047891968,-0.0291128128802141,-0.0300951230560169,-0.0719946253259841,1.392235618773794,0.5819809753887967,1.0337415068699984,5.644599630182374,-0.3001671611222384,33140000.0
SCOP.TA,3.049788080515924,1.6626869580455266,0.1301734950467279,0.1013357139852746,0.2662060660235639,1.6269718301116118,0.6193335655382672,0.7784665683970345,1.3981824820254247,17.979288948515848,153906000.0
SKLN.TA,0.810406463093907,0.6876328761082852,-0.0115856394913986,-0.0025420655226004,-0.0055231086294561,1.046078200657496,0.4814678664209391,0.2194152100527285,13.548999486916369,-0.0937687374787105,-40303000.0
AZRG.TA,0.7945116681071738,0.7923509075194468,0.6680297397769517,0.0370714197301646,0.0814116794273546,1.1947628324196984,0.5440442298964393,0.0554936667079258,79.8,14.817837080643669,2225000000.0
ELDAV-M.TA,26.656568778979903,26.656568778979903,-3.2317805087167764,-0.0879240500423758,-0.0926976423910548,0.0542922254647998,0.0514963727830434,0.0272060710203637,1.7976931348623157e+308,-0.3055803269828401,-2314000.0
THES.TA,0.8550781634057615,0.8021826762363583,-0.789771636921896,-0.7201224846894139,1.7147916666666667,-3.38125,1.4199475065616798,0.9118110236220472,11.87360594795539,-0.4615063036456923,-501000.0
ALBA.TA,0.7824743558492381,0.3506106063900107,-0.0993894256529266,-0.0905053896116097,-0.416635431023049,3.580838806779192,0.7778628201354136,0.9106138708121684,3.0989949480439245,-11.533242876526458,30227000.0
AMD.TA,2.90773739347189,1.422609222892175,0.0347319020479532,0.0320388940456807,0.05056982623002,0.5373179137995221,0.3404218086644247,0.9224629852245232,1.6216516591440042,0.1375559402868062,4279000.0
AMRK.TA,1.384171927021166,1.146752766885206,-0.0098213923941014,-0.0136006821244877,-0.0357162462404331,1.626062863135876,0.6192018043292901,1.3848018263333055,8.816778840669459,-0.9885645741703318,20816000.0
ARAD.TA,1.3253599479547549,1.2200205616707664,0.1319898849370915,0.0316054413371282,0.1193757084454219,2.029648263223785,0.5373616622149862,0.2394535107913146,13.367235044854167,51.5843329960977,315804000.0
EFNC-M.TA,0.7538548836750302,0.7538548836750302,-2.3513944971358813,-0.3621218256493319,-0.8679376083188908,1.413587521663778,0.5897784462312721,0.1540030080407242,1.7976931348623157e+308,-9.869925108395742,-25293000.0
ASHO.TA,1.324836080980971,0.8514777589809931,-0.0114287523348212,-0.0060691343329752,-0.0094108446298227,0.5506074035453598,0.3550914320971465,0.5310408481321021,3.04610964471748,-0.1531478024775157,12686000.0
PMCN-M.TA,1.795425340529427,0.8495245438190696,-1.1147157485875707,-1.3972337482710926,-3.253252608527631,1.328352441066598,0.5705117565698479,1.2534439834024895,3.912376035864692,-28.91947320869313,-9734000.0
POLY.TA,5.9369667642939,5.9369667642939,0.8075426519006286,0.1405931436090176,0.1482102024980945,0.0541780252830784,0.0513936204167508,0.1740999602660222,1.7976931348623157e+308,4.193510782980377,16840000.0
POLP.TA,1.7543646193854594,0.7354757030935293,0.0911203169213356,0.087609587073296,0.173094653263704,0.9539083947406444,0.4828082150039612,0.9614714921254016,2.430898616519999,0.9100000039788932,81677000.0
POLI.TA,0.0,0.0,0.3654470180149938,0.0098173450784771,0.1404670766848737,13.308029762160768,0.930107777375318,0.0268639353846755,0.0,4.8851683699865935,7360000000.0
FOX.TA,1.7199163917397478,1.1095644090912553,0.0440625250375201,0.0306973956636977,0.1387212702523836,3.061968620751079,0.6775778659610978,0.6966780872761674,1.7052271007978508,15.368985883030827,149200000.0
FORTY.TA,1.3701466652414067,1.3350003546499605,0.0316414090268186,0.0291318220944861,0.1474844847112117,2.9300711211778028,0.5787612899993021,0.920686625231974,55.42457576532787,5.250202704925488,64014000.0
FRSX.TA,10.377752467729689,10.377752467729689,-39.41090909090909,-0.6589851944182653,-0.7651253088598658,0.1450758912813272,0.1249505973915422,0.0167208828626151,1.7976931348623157e+308,-0.0671126069663678,-18410000.0
PZOL.TA,1.347358121330724,1.29924983692107,0.0211954217888936,0.0195248942401561,0.0740557886941496,2.792890644285362,0.7363488447770908,0.9211845102505696,40.07457627118644,27.13491397825245,-5000000.0
FIBIH.TA,0.0,0.0,0.1483536810950795,0.0040925675503278,0.1569471624266145,36.18786692759296,0.943637894521981,0.0275865588242798,0.0,22.62172859341364,1047000000.0
PAYT.TA,12.460756972111554,11.560557768924305,0.1503899120623859,0.1205447388020002,0.1996255918951657,0.146415592996366,0.0884136610277689,0.8015480370252155,7.91723832706351,1.3329411764705883,9970000.0
PNRG.TA,9.362346263008517,9.048880479344056,-16.849876368774286,-0.2706435031261702,-0.5196296296296297,0.9199782135076252,0.4791607566353104,0.0160620468187956,1.7170523138832998,-0.6236763938759481,-33263000.0
PCBT.TA,2.0315222962583293,1.047838715188792,-0.0037676511341875,-0.0036869448634154,-0.0057448071216617,0.5581483679525222,0.3582125935067111,0.9785791550497432,3.2964249529599075,-0.0067534569606653,-1386000.0
PLAZ-L.TA,0.0638236888992176,0.0638236888992176,-1.7976931348623157e+308,-1.0234883160684172,0.0703463920256979,-1.068731993244362,15.549265237292218,0.0,1.7976931348623157e+308,-1.2393523920653442,0.0
PLUR.TA,8.456142919900424,8.456142919900424,-176.24786324786325,-0.6059208109894954,-1.3729485002829656,1.1944139285595392,0.5271284801292881,0.003437890251965,0.0,-10.248983041538922,-28321000.0
PLSN.TA,1.897231943513319,1.0056784982809204,0.0567916858026778,0.0440767640644844,0.092591773574271,1.036674459530762,0.4934915252245627,0.7761129721985847,1.712597012866062,9.429999513955348,129110000.0
PULS.TA,13.609081553897608,12.692629277077438,-2.0454041057887924,-0.0936040016250253,-0.1179566761590887,0.2601670239656993,0.2064543977249644,0.0457630848398672,0.3993262685100708,-0.4582905272286607,-58567000.0
PLRM.TA,3.368080273083978,1.7052533436995103,0.0852075687826615,0.0955860506573572,0.1570411484927405,0.5264867426457353,0.3204560647701107,1.1218023471737355,2.287906211360494,6.002915451895044,164335000.0
FBRT.TA,10.724281291463956,9.884122069880585,0.2627889051958061,0.1747135957769416,0.1981450521455298,0.1341135259931534,0.1182540573931599,0.6648438816195879,5.98547062539482,2.706797172376292,37706000.0
PEN.TA,0.0,0.0,0.4167514643635897,0.0319743507147435,0.0964186019826973,2.015498355006103,0.6683798555751571,0.0767228275096063,0.0,0.2065343813466802,53800000.0
PTNR.TA,1.1356421356421356,1.0714285714285714,-0.0288766965059197,-0.0201328769881216,-0.0561167227833894,1.787317620650954,0.6412321320716731,0.697201530098651,29.95505617977528,-0.5416120541178765,163000000.0
PERI.TA,2.57219702652936,2.57219702652936,0.1549770716713314,0.1140231528191786,0.1701581454691374,0.4923122301220645,0.329898944862092,0.7357420784217288,1.7976931348623157e+308,2.064106906446583,117413000.0
PRTC.TA,7.145960034752389,7.145960034752389,56.90895295902883,0.1313870914626242,0.1765279032986895,0.3230767058291911,0.2404611843511223,0.0023087244560133,0.0,3.0856508145466512,23653000.0
PRIM.TA,3.361888964777052,3.361888964777052,-3.199713330148113,-0.0777043359878092,-0.3226485088888532,3.20181791902873,0.771102696890821,0.0242847805319523,1.7976931348623157e+308,-0.6813511038762845,-19505000.0
PRMG.TA,1.701687788851912,1.29242239831136,0.0652893041611049,0.0616520699682491,0.1248049921996879,1.024343907089617,0.5060127893794034,0.9442905045536903,3.81389206613289,1.2369433754810335,25154000.0
PPBT.TA,4.711816378577501,4.711816378577501,-1.7976931348623157e+308,-0.3966899783969829,-0.461895930591972,0.1603888213851761,0.1377466954706894,0.0,0.0,-0.1198379278856409,-19880000.0
PRSK.TA,1.0485874386531653,0.2806942908616512,0.4321834484243552,0.0646009990541128,0.1874053079103323,1.900966094244964,0.6552872500013585,0.1494758748620145,0.2871813225965748,14.686701192569013,154884000.0
FTAL.TA,0.5645115054948964,0.5573560479425259,-0.014397547399961,-0.0033437043702672,-0.031746294015617,8.46244809365066,0.891314263642229,0.232241247580563,152.97017744420697,-4.875293972026241,45185000.0
ZUR.TA,1.0773374898725114,1.0711004434277576,-0.00875040208255,-0.0016733102141479,-0.0636444942853025,33.09515677165494,0.8701218304381751,0.19122666574201,56.94877248731485,-0.4951766513056835,33549000.0
CILO.TA,1.0481531534621655,0.1302221368523994,0.1442412871262845,0.0288786922081815,0.1761891565994353,4.982976205633655,0.8167462680484154,0.2002109991080291,0.2619683550899528,6.707457827692187,-869402000.0
ZMH.TA,1.0115131418909058,0.401656102051694,0.2585379153380197,0.0350452835625675,0.1469597326289687,3.1934239843314827,0.7615313873015346,0.1355518145829729,0.3422953714258362,3.267905304165418,48006000.0
SRFT.TA,1.4414246457407802,0.4950822802941083,0.241811676002641,0.0925798625975985,0.2348066355474574,1.5362603589946164,0.6057187124131042,0.3828593562065521,0.4370999878274574,6.525635130474767,33068000.0
KDST.TA,0.7041010062654263,0.7041010062654263,-1.7976931348623157e+308,-1.8190407558651611,-69.68711656441718,37.309815950920246,0.9738970293858596,0.0,0.0,-6.440072570586234,-12009000.0
CGEN.TA,7.225857873982717,7.225857873982717,-4.492533333333333,-0.3577769283044512,-0.4337538619979402,0.2123583934088568,0.1751613999320421,0.079638124362895,1.7976931348623157e+308,-0.3892756690529702,-18754000.0
CFX.TA,0.3325456182265157,0.2100862158512517,-0.032189734946345,-0.0422353619228552,-0.5547269260962207,12.45144106762364,0.9480180160949474,1.3120754797532392,15.6578779953347,-0.4799999922369353,-10827000.0
KSTN.TA,0.3136047303964462,0.3136047303964462,108.52119129438717,0.0348233963939724,0.064263378170299,0.8454081113530453,0.458114444253307,0.0003208902886027,1.7976931348623157e+308,0.7692733925808393,443881000.0
KLIL.TA,3.526606701894904,2.1544199495886485,0.0719715409099419,0.069714795351209,0.0913666690901363,0.3016772274016118,0.2301864167738824,0.9686439177180214,3.2932603546985435,14.162982228001734,15865000.0
KMDA.TA,1.8361402813552603,0.8782511062677498,-0.0179450900347149,-0.0071996004702539,-0.0131860015907283,0.8314907396886717,0.4539966933330024,0.4012016911771548,1.1395396941406843,-0.05,8284000.0
CAMT.TA,6.293378531073446,5.552802259887006,0.249132931765703,0.1180778836397686,0.2081452322560153,0.7627791576195906,0.4327139643797621,0.4739553410418454,2.45728627881784,1.6576955773497273,78632000.0
CNGL.TA,52.09090909090909,52.09090909090909,-4114.25,-1.3279270555959009,-1.350096394437836,0.0166946962549735,0.0164205599935447,0.0003227628499959,1.7976931348623157e+308,-0.8748989642412627,-1775000.0
KEN.TA,5.501741131113391,5.4917503549627416,0.5447307028226853,0.0828862743434622,0.1955927018395543,0.9234631541741086,0.3913357687841657,0.1521600928935382,245.9097510373444,5.793551463613329,-235978000.0
CAST.TA,1.4841053760695648,0.7191114633723467,-0.0006633124231418,-0.0005387143235346,-0.0020012523617123,2.7134834603439844,0.7304388165772453,0.812157747600924,1.846472253976793,-0.1344568380213385,42522000.0
CPTP.TA,1.3741923905240487,1.3741923905240487,-11.201757597949468,-0.1882584615384615,-0.2230664343057976,0.1848945990681259,0.1560430769230769,0.0168061538461538,1.7976931348623157e+308,-0.2350352545583083,1711000.0
KRNV-M.TA,0.2492546532696425,0.2250411793773678,25.12941909359913,1.237582451296211,-5.896975788031065,-6.033348560986752,1.2662026384414788,0.0492483509740757,0.8125850340136055,21.681805966138132,-43028000.0
KRDI.TA,1.3210955944562008,0.9454481392321472,0.1656127628716461,0.0497468391194067,0.2069434208459689,2.58692062648254,0.621866226499119,0.3003804674037214,2.631016703548521,0.6959551429209923,36497000.0
KARE.TA,1.767836007459455,1.2538553027372503,0.1934476347728778,0.0720028904145188,0.1726800228568467,1.3937451691881646,0.5811539691885174,0.3722086884083935,2.633538523752289,0.6472533638335294,70452000.0
KRUR.TA,4.438543205672512,4.096215212746675,0.0719960405863301,0.0501214079576175,0.0893189706102221,0.3883276988531208,0.2179103821112848,0.6961689497010212,7.7872705686048,4.892113213547463,83170000.0
CMCT.TA,1.4618346545866363,1.4618346545866363,0.0580731262143544,0.0085737300216733,0.2476357854213741,13.077161268725416,0.4527619058657178,0.1476367914141004,1.7976931348623157e+308,-0.5467305865077309,-48485000.0
CRSM.TA,0.7569070776079426,0.4353950508484805,0.1070911053309398,0.0682851604804413,0.2006118403513727,1.9378541243793832,0.6596155024507051,0.6376361535294843,3.6198350415294542,4.160686661325737,200188000.0
CRSR.TA,1.1798316054701776,0.5493018022350022,0.1458978788328169,0.0337569137454517,0.0856529285764146,1.5340584217209647,0.6045920283545093,0.2313735745543874,0.9011115136031724,2.2490526402504325,17350000.0
RLCO.TA,2.1525376976829715,1.0760783901644513,0.0924813233336485,0.145893220873856,0.269191272219105,0.8451252951078269,0.4580313853745302,1.577542530912012,2.458055226776323,6.185113111165166,22869000.0
BRIH.TA,0.9745174357205744,0.6673150125634868,0.0017017995294277,0.0013251325407464,0.0051495946563874,2.884183265740452,0.7421797935432505,0.7786654760634876,3.965274630258488,0.0033401314941857,7511000.0
BLSR.TA,3.279641361384847,2.6892409996474327,0.6945910832634401,0.0332118028096107,0.0975748208830156,1.9381010513850976,0.6596766395387292,0.0478148994564826,0.2629354899177891,24.235757029264693,633697000.0
RVL.TA,1.2842747709049256,0.8289214633447881,0.0099380353488524,0.009492337463716,0.0236348976598245,1.4898922683867457,0.5983761977589812,0.9551523143668654,3.845606587661891,0.0275151950204757,56000.0
ROBO.TA,1.2510657063060415,0.9417903865941496,-0.2159146045608927,-0.1459435083835526,-0.2995372318047959,1.0298695835086242,0.501783298487271,0.6759316197269708,4.175380228136882,-0.0695366825533244,-2644000.0
ROTS.TA,1.0193359531406332,0.3782238246806688,0.2133477793492263,0.0905591930631746,0.4130986741757597,3.434429191599202,0.7528930874551942,0.4244674743716897,0.8799047087310701,10.341420431181342,73913000.0
RIT1.TA,0.3963752117981713,0.3963752117981713,1.4594580623817548,0.0732251072034159,0.1496080933284724,1.0351038902406973,0.50662762717746,0.0501728066676452,1.7976931348623157e+308,2.989427765219095,351120000.0
AZRT.TA,1.91726583930492,1.91726583930492,-1.067420814479638,-0.0159600607920308,-0.0509349724754074,2.1914021593727395,0.6866581051018192,0.0149519857356456,1.7976931348623157e+308,-0.7915055462503893,-75157000.0
RTLS.TA,1.951583568413737,1.4082249937156723,0.0670006274043404,0.0417463399267291,0.1058299851452168,1.5350721843151696,0.6055339148971246,0.6230738657833034,2.19830430062984,2.111866827521263,130229000.0
RZR.TA,6.974679773607387,6.974679773607387,-5.359128913085748,-0.3865692365951836,-0.6438967410349258,0.6656698983763579,0.3996409486809071,0.0721328489880643,1.7976931348623157e+308,-0.702193016916936,-18329000.0
RMON.TA,1.5373808901324464,1.5373808901324464,0.1123067744210012,0.0528129677184369,0.1085477272393669,1.052607850497078,0.5121373412626753,0.4702562956750806,1.7976931348623157e+308,1.4344898298509117,63878000.0
RIMO.TA,1.3858189977561706,0.943275991024682,0.2242574837666143,0.2071293405446601,0.303553183522976,0.4655247910545321,0.3176505739760017,0.9236228689706538,4.950344780962682,5.691694431223227,41911000.0
RMLI.TA,0.9626489758319462,0.7852926807134182,0.0246046457865378,0.0425023891803002,0.3135092883934435,6.249160905335647,0.8471974473546329,1.7274131702214923,19.040471868056382,12.578052050501238,199356000.0
RANI.TA,1.3787498532027889,0.8681173855742924,0.8386530565335952,0.0360389401938569,0.125877986014951,2.493234077853974,0.7138143583771118,0.0429724066621979,0.2309474527040264,0.5521696062515478,86970000.0
RPAC.TA,1.1542301236842774,1.148775775526487,0.1295790337910805,0.0240363409329031,0.2102829184691719,7.013616574295468,0.8016898394775722,0.1854956024109328,35.25451635033158,4.961714062092356,50034000.0
RATI.TA,2.142797998012733,2.142797998012733,0.3936001094898195,0.1336986938213548,0.4267658247174081,2.191996963617633,0.6867164939697639,0.339681546315253,1.7976931348623157e+308,0.1330632969199834,126817000.0
RTPT.TA,15.917609046849758,15.917609046849758,-1.7976931348623157e+308,-0.0881363007801288,-0.0895831123369046,0.016415614723666,0.0161504944295144,0.0,1.7976931348623157e+308,-0.0150250755968575,0.0
REKA.TA,1.7488761175886698,1.0857027771583936,-0.0069803073934485,-0.0045515568063726,-0.0125964327593655,1.7671912608776152,0.638551530045627,0.6520567863020664,2.317693250469094,-0.1788055265187606,0.0
SHGR.TA,0.8426704378621636,0.6583572528598566,0.0300403978680788,0.0177095466243991,0.0640336341203968,2.605971358896616,0.7207239119906179,0.5895243698891678,7.818193640678848,0.8632186241393542,8466000.0
SBEN.TA,1.4041858255018096,1.4041858255018096,0.3717599483276699,0.0110086745910884,0.0313468637744579,1.8475646863537665,0.6488444446754434,0.0296123201022863,1.7976931348623157e+308,0.0723676657901786,159550000.0
SAE.TA,0.7771996215704825,0.5577105014191107,6.820351930159596e-05,6.87426960885406e-05,0.0003189792663476,3.6133971291866023,0.7787172612909878,1.007905410050182,11.616379310344827,0.0037648901405057,312000000.0
STRS.TA,0.8831076265146115,0.5930149679258732,0.0104832104832104,0.0086346465191581,0.0257752718485702,1.90213451469996,0.637209929843497,0.8236643281165678,5.072481572481572,0.547945205479452,488000000.0
SKBN.TA,1.1388153540701522,0.972203838517538,0.0070468484927574,0.0020673813169984,0.0131195335276967,5.159620991253644,0.8130551301684533,0.2933767228177641,3.2974180734856007,0.1210762331838565,288000000.0
SHVA.TA,9.62401838728213,9.62401838728213,0.2053579802699453,0.0948504682466545,0.113368918511824,0.1952383642114776,0.1633468018241534,0.4618786575616518,0.0,0.5999999950176459,38216000.0
SMNR.TA,4.817090046456459,4.817090046456459,12.409311180339218,0.1576241080182727,0.1989069977113531,0.2619072057701643,0.2075487045105806,0.0127020835989676,1.7976931348623157e+308,3.231519358536579,20705000.0
SHNP.TA,1.7525568223865648,1.1463740731056329,0.0847519307751405,0.0429749637347485,0.1127225140275711,1.118127386479752,0.4262811586427484,0.507067666089726,1.7768273527089828,1.9812685364835965,37607000.0
SPEN.TA,1.0451652015762352,0.9269475598666262,0.0842128408091468,0.0267308766052484,0.1337757596926301,3.7645826056584,0.7522333891680625,0.3174204355108878,9.751282051282052,1.0612122757046116,158000000.0
SARN.TA,4.646870653685674,4.169888734353268,0.1497200619437401,0.103230197003297,0.1311255514486705,0.2702247525932991,0.2127377474274584,0.6894880730285003,2.6447003936433884,0.0250798494458747,-2802000.0
TATT.TA,2.592273197654364,1.0138323559848224,-0.0184729646624722,-0.0123331043576442,-0.020669577874818,0.6759428344581183,0.4033209370632683,0.6676299437035633,1.499770536943552,-0.1752782289402983,4672000.0
TDRN.TA,1.329145598716563,0.775440140956095,0.0382343015178011,0.053127089669587,0.2114126733700249,2.9793761466111204,0.7487043287296149,1.3895138020202118,4.250821722165656,10.16014442115071,96213000.0
TRPZ.TA,1.926404422162232,1.3695205039208125,0.1785991430210196,0.0992193284162582,0.2062054458338202,1.0700888161738926,0.5148918024797803,0.5555420184999484,2.727646968297938,0.2106718934999552,12393000.0
TIGBUR.TA,1.1620347498429977,1.109235922126858,0.0266263065338624,0.0709467886856868,0.2096476964769647,1.9094850948509483,0.6461880468967811,2.6645373662869467,79.88954087701214,3.0855137204850034,18736000.0
TKUN.TA,1.5972436604189637,0.6626240352811467,-0.9784571069233422,-0.3075721345448748,-0.4032318740020565,0.3335785522608906,0.254442850310856,0.3143440140283756,1.842790295308875,-0.949619622561096,-88886000.0
TMRP.TA,1.4854727097749874,1.4854727097749874,0.111921480902996,0.02671671607624,0.0933643977496701,2.494606054248629,0.7138447125437123,0.2387094582799149,1.7976931348623157e+308,0.3821867655035256,49510000.0
TUZA.TA,9.09825327510917,9.09825327510917,-2.7583157894736843,-0.3314109374209541,-0.3475147207044719,0.0485915866532279,0.0463398593615622,0.1201497445237011,-1.7976931348623157e+308,-0.0574951728980165,0.0
TFRLF.TA,1.3397832317007476,0.5735848650046327,0.0334982681840672,0.0479715018230072,0.1427996164908916,1.976759348034516,0.664064211082338,1.4320591607724913,2.4353530098288734,0.5726699477083974,10933000.0
