Symbol,Current Ratio,Quick Ratio,Net Profit Margin,Return on Assets (ROA),Return on Equity (ROE),Debt-to-Equity Ratio,Debt Ratio,Asset Turnover Ratio,Inventory Turnover Ratio,EPS,Total Revenue,Total Revenue_lag_1,Total Revenue_lag_2,Total Revenue_lag_3,Total Revenue_rolling_mean_3,Total Revenue_rolling_sum_3,Total Revenue_rolling_mean_6,Total Revenue_rolling_sum_6,Total Revenue_diff_1,Total Revenue_diff_2,Predicted Net Income
AURA.TA,1.24651080929996,0.3448516749898625,0.1270100347917529,0.0610126444867318,0.218174515783749,2.575920918872279,0.7203579514523506,0.4803765669914892,0.650762899292478,0.4678600930806404,849015000.0,0.0,0.0,0.0,0.0,0.0,0.0,0.0,0.0,0.0,825560800.0
AVGL.TA,1.4141578449824983,1.0444646948108909,0.0172653720996338,0.0166436952725279,0.0443189614802391,1.6602811931651111,0.6235077114356644,0.9639928509204236,9.37768665484116,0.0274176018699835,426824000.0,849015000.0,0.0,0.0,0.0,0.0,0.0,0.0,-422191000.0,0.0,423619360.0
ABRA.TA,1.470484891075193,1.470484891075193,0.0562262634766054,0.0342153749428773,0.0651077004879615,0.8675081834646934,0.4558925832244243,0.6085301214638533,0.0,0.1676101122153622,371834000.0,1675000.0,426824000.0,849015000.0,266777666.66666666,800333000.0,0.0,0.0,370159000.0,-54990000.0,371091170.0
ADGR.TA,1.0640972440832213,1.0640972440832213,0.7639612891528036,0.0410455144616714,0.1479386461871117,2.6042585438966213,0.7225504253313404,0.053727217654168,0.0,1.2313841770070992,302934000.0,371834000.0,1675000.0,426824000.0,225481000.0,676443000.0,0.0,0.0,-68900000.0,301259000.0,299267550.0
AUDC.TA,1.7463806635189645,1.4963572120946813,0.1355897477101076,0.0966069772500887,0.1642400412656084,0.7000846723569086,0.4117940028165466,0.7124947046633311,3.252834750708688,0.9971931690598592,275093000.0,4256000.0,1927000000.0,302934000.0,735449666.6666666,2206349000.0,480465333.3333333,2882792000.0,270837000.0,-1651907000.0,277420640.0
ALMD.TA,7.053303964757709,7.053303964757709,0.5064021641118125,0.0512455516014234,0.055707653850732,0.0492600087291195,0.0453143534994068,0.1011953645405602,0.0,0.0348318906649776,0.0,453617000.0,275093000.0,4256000.0,242903333.33333334,728710000.0,493816666.6666667,2962900000.0,-453617000.0,-275093000.0,4250628.5
OPAL.TA,1.3927212577924213,1.3927212577924213,0.4012115979995237,0.0554191749728609,0.1484371558218423,1.6784439843164898,0.6266489029244383,0.1381295437349912,0.0,0.2576836671287223,90064000.0,0.0,453617000.0,275093000.0,181227000.0,543681000.0,458338333.3333333,2750030000.0,90064000.0,-363553000.0,92040190.0
OPK.TA,2.493925886420591,2.2318041738508576,-0.0169846702405678,-0.0125610749609849,-0.0178876831762135,0.4240567174205371,0.2977807781340701,0.7395536553299038,13.793831356500428,-0.0465113970991713,1004196000.0,90064000.0,0.0,453617000.0,364753333.3333333,1094260000.0,304537666.6666667,1827226000.0,914132000.0,1004196000.0,1006461760.0
ORBI.TA,2.463871663521165,2.208456906623528,0.1328186314771213,0.0946195454309044,0.1671605448740036,0.7666597753428434,0.4339600561710095,0.712396629739429,6.080049261083744,0.3261035178131302,59006000.0,1004196000.0,90064000.0,0.0,384422000.0,1153266000.0,313662666.6666667,1881976000.0,-945190000.0,-31058000.0,70601350.0
ORON.TA,1.1370540072849338,0.5639285319804533,0.0114499316482975,0.0086918838825284,0.0466128679650593,4.539488817284021,0.8464767650736568,0.7591210279251583,1.715921173885305,0.1506026871401151,1207114000.0,59006000.0,1004196000.0,90064000.0,756772000.0,2270316000.0,468999500.0,2813997000.0,1148108000.0,202918000.0,1091662000.0
ORIN.TA,1.0956988757908153,1.0956988757908153,0.0075476106263608,0.0058019600946871,0.0308799320269767,4.31631352556954,0.8109823172419987,0.768714813456756,0.0,0.1376475035619102,361531000.0,1207114000.0,59006000.0,1004196000.0,542550333.3333334,1627651000.0,453651833.3333333,2721911000.0,-845583000.0,302525000.0,364666370.0
ORA.TA,1.1061754349855557,1.0539018222715544,0.0936412279590519,0.0140299407232067,0.0334727943249565,1.303444368433622,0.5463316581097857,0.1498265350529342,14.018140270697838,1.1008829474132122,734159000.0,2703000.0,361531000.0,1207114000.0,366131000.0,1098393000.0,561451500.0,3368709000.0,731456000.0,372628000.0,732601300.0
AZRM.TA,1.2565050644785016,0.7168051529955366,0.2132654656038824,0.0568900807604894,0.1887246915635028,2.317356717387075,0.6985551795624642,0.2667571170015714,0.9520165448753686,1.5280842361002367,1104256000.0,734159000.0,2703000.0,361531000.0,613706000.0,1841118000.0,578128166.6666666,3468769000.0,370097000.0,1101553000.0,862968640.0
ETGA.TA,2.057647350524228,2.057647350524228,0.0536606295222767,0.0702157279165947,0.1285109192436267,0.8302298225303261,0.4536205302252797,1.3085148001747773,0.0,1.4247422680412372,642441000.0,829000.0,1104256000.0,734159000.0,582508666.6666666,1747526000.0,474319833.3333333,2845919000.0,641612000.0,-461815000.0,646778430.0
IBI.TA,1.8132879493274447,1.8132879493274447,0.254401729341946,0.1236478220311881,0.242546462426038,0.9060325128374443,0.4618865424019801,0.4860337323611147,0.0,11.02000041213382,660614000.0,642441000.0,829000.0,1104256000.0,434628000.0,1303884000.0,524167000.0,3145002000.0,18173000.0,659785000.0,659769500.0
IDMO.TA,2.242474569233963,2.242474569233963,-0.3933339830425884,-0.1586852245026342,-0.2946415535114615,0.8567674113009198,0.4614295824486907,0.4034363450499331,0.0,-0.5954301473837145,14120000.0,660614000.0,642441000.0,829000.0,439058333.3333333,1317175000.0,526069833.3333333,3156419000.0,-646494000.0,-628321000.0,51004904.0
ARPT.TA,1.1214893015494307,0.7407019213309337,1.7050539943171543,0.0828914763748095,0.1592113266811533,0.9068056717728216,0.4721175464408588,0.048615162130397,0.3095994060356197,11.28434065934066,903333000.0,1520929000.0,2271288000.0,2199277000.0,1565183333.3333333,4695550000.0,2825869166.6666665,16955215000.0,-617596000.0,-1367955000.0,896855200.0
ISI.TA,5.19642000958926,5.101805977305418,0.2049465093195103,0.0432234091424517,0.077312724927711,0.7886771650267312,0.4409276198340379,0.2109009286665465,11.91216216216216,0.1219833111141435,33692000.0,872544000.0,903333000.0,1520929000.0,603189666.6666666,1809569000.0,1300177166.6666667,7801063000.0,-838852000.0,-869641000.0,33921932.0
INCR.TA,1.7364981790944547,1.385856342175272,0.021349526805264,0.0067332333158661,0.0104680957440159,0.5069616184702742,0.3260851775549318,0.3153809158058704,1.8937521177389176,0.0999573742540494,388684000.0,8511000.0,33692000.0,872544000.0,143629000.0,430887000.0,621282166.6666666,3727693000.0,380173000.0,354992000.0,395475500.0
INRM.TA,1.8471282807464693,1.4973229616305264,0.0964858902802728,0.090667084960835,0.1805335125024968,0.9911692603824294,0.4977825241195531,0.9396926814632148,5.39613927621504,0.849999999572512,1194015000.0,388684000.0,8511000.0,33692000.0,530403333.3333333,1591210000.0,566796500.0,3400779000.0,805331000.0,1185504000.0,1491976800.0
ISTA.TA,0.6315523789682858,0.6315523789682858,1.1544473972174456,0.0424917710466603,0.1352995985112987,2.133595757934244,0.6700704469917313,0.0368070222593752,0.0,7.517085938636034,370950000.0,1194015000.0,388684000.0,8511000.0,651216333.3333334,1953649000.0,478066000.0,2868396000.0,-823065000.0,-17734000.0,366036930.0
ARDM.TA,3.5602836879432624,3.5602836879432624,-0.478348976109215,-0.1205337346645346,-0.1683526960830314,0.3967267881608828,0.2840403660355554,0.2519786613633615,0.0,-0.1159603898958037,24473000.0,370950000.0,1194015000.0,388684000.0,529812666.6666667,1589438000.0,336720833.3333333,2020325000.0,-346477000.0,-1169542000.0,20515078.0
ALAR.TA,2.197972350230415,2.197972350230415,-1.3595400870105656,-0.4281659816010961,-0.542646876421218,0.2673750361764584,0.2109675735629934,0.3149344294382462,0.0,-0.48,18550000.0,1985800000.0,24473000.0,370950000.0,676274333.3333334,2028823000.0,663745333.3333334,3982472000.0,-1967250000.0,-5923000.0,18878310.0
EMTC-M.TA,6.226950354609929,6.226950354609929,0.0,-0.4990835128790558,-0.508302492385288,0.0184718173779189,0.0181367977618419,0.0,0.0,-0.1742273712098249,0.0,0.0,18550000.0,1985800000.0,6183333.333333333,18550000.0,399962166.6666667,2399773000.0,0.0,-18550000.0,-1613602.8
ALTF.TA,0.9803633023884444,0.9803633023884444,0.1814011541660111,0.1590596950395581,0.4682741001702564,1.9440148244581803,0.6603277973696885,0.876839487437842,0.0,1.3100000016231517,1285604000.0,1744615000.0,52241000.0,122737000.0,1027486666.6666666,3082460000.0,1452791000.0,8716746000.0,-459011000.0,1233363000.0,1414681700.0
ELSPC.TA,3.679716265973576,2.338585661685077,0.0664544183879484,0.0477694918281682,0.0648431580542506,0.3574177905743294,0.2633071358399571,0.718830936858087,1.4187257751937985,0.2203058229933583,71563000.0,488672000.0,1285604000.0,1744615000.0,615279666.6666666,1845839000.0,627572000.0,3765432000.0,-417109000.0,-1214041000.0,80960640.0
AMOT.TA,0.4929333631674581,0.4929333631674581,1.1076363886967948,0.0530398744279526,0.1226469583669053,1.3123603068604692,0.5675430259906986,0.0478856373528477,0.0,2.217517692536426,1028138000.0,0.0,1131681000.0,8650000.0,719939666.6666666,2159819000.0,1520423166.6666667,9122539000.0,1028138000.0,-103543000.0,1028959040.0
EMDV.TA,1.7453775528970163,1.2482312646084732,0.0153860957759965,0.0108613894029487,0.0415192206299369,2.3632389520366948,0.6182211062935835,0.7059223834998666,4.109368627066609,0.9367699067624048,2023304000.0,1028138000.0,0.0,1131681000.0,1017147333.3333334,3051442000.0,1728680333.3333333,10372082000.0,995166000.0,2023304000.0,2020082400.0
AMAN.TA,2.06299255320592,2.06299255320592,0.0103215561730845,0.0192231594293449,0.0354962455894088,0.7898491505706128,0.4277465375403519,1.8624284077892328,0.0,0.55896159107236,333445000.0,2023304000.0,1028138000.0,0.0,1128295666.6666667,3384887000.0,754203000.0,4525218000.0,-1689859000.0,-694693000.0,329578500.0
EMCO.TA,1.3641129169373616,1.0332118114280704,0.0441854202640424,0.0348482914919718,0.1299430711038092,2.6269854777477137,0.7045081734338482,0.7886830380638244,3.837389799340148,0.8441300570861255,1234196000.0,333445000.0,2023304000.0,1028138000.0,1196981666.6666667,3590945000.0,958460666.6666666,5750764000.0,900751000.0,-789108000.0,1360180100.0
ENDY.TA,3.7456489308801593,3.30581800099453,0.2369737868980397,0.2634211063482343,0.3751726142888291,0.4242314121665819,0.2978669116146152,1.111604409063074,6.576596947427926,0.3703544267470225,21334000.0,1234196000.0,333445000.0,2023304000.0,529658333.3333333,1588975000.0,773402833.3333334,4640417000.0,-1212862000.0,-312111000.0,237872800.0
ENLT.TA,2.055598659146748,2.055598659146748,0.1094758005485013,0.0039561392989905,0.0210593311029254,3.901259391932232,0.732878243879041,0.0361371123039917,0.0,0.1143324042037508,192172000.0,0.0,21334000.0,1234196000.0,71168666.66666667,213506000.0,634075166.6666666,3804451000.0,192172000.0,170838000.0,285491040.0
ANLT.TA,3.0619847646874674,3.0619847646874674,0.1603034556513602,0.0964706923460604,0.1392838060724324,0.4437939926127256,0.3073804122218468,0.6018004537336487,0.0,2.0787899800641414,140418000.0,192172000.0,0.0,21334000.0,110863333.33333333,332590000.0,320260833.3333333,1921565000.0,-51754000.0,140418000.0,142965980.0
NRGN.TA,3.594179104477612,3.594179104477612,-1.8682500560161328,-0.3162526076237436,-0.4715796617838357,0.491148690684916,0.3293760667551678,0.1692774511663189,0.0,-0.6907150599078097,3159000.0,737081000.0,140418000.0,192172000.0,293552666.6666667,880658000.0,182360666.66666666,1094164000.0,-733922000.0,-137259000.0,4329808.5
ENRG.TA,1.8026746771209885,1.8026746771209885,0.2974916174716644,0.0165833342915772,0.0524956600525625,2.164054315029554,0.6836229146434654,0.0557438708106011,0.0,0.1606531251644692,527325000.0,3159000.0,737081000.0,140418000.0,422521666.6666667,1267565000.0,266692500.0,1600155000.0,524166000.0,-209756000.0,523856220.0
ASGR.TA,1.3922850213121694,1.222112473942179,0.4686665443499888,0.0210368443315154,0.1272651784602184,4.129389540113761,0.6825851815130707,0.0448865927920933,0.8282643386839388,1.4477470953115652,282914000.0,181507000.0,527325000.0,3159000.0,330582000.0,991746000.0,312067333.3333333,1872404000.0,101407000.0,-244411000.0,278749900.0
EFCP.TA,1.3706821817116204,0.4074917479659906,0.2632425544697406,0.0688039935264753,0.3346308055208263,3.863537541495501,0.7943883456294845,0.2613710904951132,0.3505808081875151,1.1795623290347792,638391000.0,1161287000.0,6568000.0,282914000.0,602082000.0,1806246000.0,466332000.0,2797992000.0,-522896000.0,631823000.0,639556300.0
ACRO.TA,0.9151611086589244,0.358182560097295,0.1115016300980979,0.013565732618334,0.0531099356592443,2.655622960787509,0.6783188601901731,0.1216639847004847,0.4663795178763135,0.9343984338128616,866273000.0,1265000.0,0.0,4208000.0,289179333.3333333,867538000.0,640738666.6666666,3844432000.0,865008000.0,866273000.0,869381000.0
ACKR.TA,1.712282514852057,1.356869818629984,0.0942042901461535,0.0364281272451745,0.06193625606793,0.7002316822678378,0.4118448618330888,0.386692869174621,4.121955624587987,0.2224184136509914,782253000.0,866273000.0,1265000.0,0.0,549930333.3333334,1649791000.0,277163666.6666667,1662982000.0,-84020000.0,780988000.0,784434900.0
ARD.TA,1.9794856034267492,1.063137473348572,0.0712574467177569,0.0702757465067201,0.1478752203707392,1.097427840108581,0.5215380948040749,0.9862231913118468,2.003259548065233,0.810610993740257,324078000.0,22695000.0,3517000.0,782253000.0,116763333.33333333,350290000.0,333346833.3333333,2000081000.0,301383000.0,320561000.0,323484160.0
BCUR.TA,4.404875538087217,4.079777278682388,-0.2251613236281038,-0.174282745944218,-0.2476437055710749,0.4209307079103359,0.2962359146487653,0.7740350035962599,1.2035118019573978,-0.2110000004837674,50324000.0,85119000.0,324078000.0,22695000.0,153173666.66666666,459521000.0,211331000.0,1267986000.0,-34795000.0,-273754000.0,50401932.0
ARYT.TA,5.350340136054422,3.468079539508111,0.2767475035663338,0.0313252304620985,0.0390156501389498,0.2448990785432207,0.1966267394750748,0.1131906523398508,0.4004262811602261,0.0220922407992132,36364000.0,50324000.0,85119000.0,324078000.0,57269000.0,171807000.0,87016166.66666667,522097000.0,-13960000.0,-48755000.0,31874354.0
BOTI.TA,1.106966414203055,0.4738293905232746,0.1055916755162692,0.0531710873316162,0.3478271811552714,5.541660112872072,0.8471336048119815,0.5035537798945504,0.7336590186723043,3.5775577557755778,539231000.0,0.0,41038000.0,116123000.0,193423000.0,580269000.0,1003686333.3333334,6022118000.0,539231000.0,498193000.0,541880700.0
BLRX.TA,5.906368968000823,5.906368968000823,0.0,-0.3323954737010234,-0.3973445738540397,0.1953970655191152,0.1634578761779558,0.0,0.0,-0.0408095111231297,0.0,63000.0,29145000.0,0.0,9736000.0,29208000.0,1827505333.3333333,10965032000.0,-63000.0,-29145000.0,1758154.8
BCNV-M.TA,0.2906748487648402,0.2906748487648402,0.7964493150684931,0.0414188503755713,0.0829360143331545,0.9622670577092058,0.480563186030342,0.0520043769163256,0.0,9.400595007114216,84724000.0,7758000.0,1695302000.0,163722000.0,595928000.0,1787784000.0,1069398500.0,6416391000.0,76966000.0,-1610578000.0,90970490.0
BRMG.TA,2.3986579513707875,1.451150231917766,0.1137909876918372,0.1135661190869894,0.2418505537180563,1.1296012900890229,0.5304285338979122,0.9980238452147304,2.5226708425032447,5.813309601503016,516589000.0,27177000.0,84724000.0,7758000.0,209496666.66666666,628490000.0,415878666.6666667,2495272000.0,489412000.0,431865000.0,464217570.0
BRAM.TA,1.0568177935699887,0.7733779766988964,-0.0353259548540778,-0.0292332964564685,-0.0794590949681981,1.7181024584935576,0.6320962821415401,0.827530255791344,6.506750241080039,-0.2162483880567404,124303000.0,516589000.0,27177000.0,84724000.0,222689666.66666666,668069000.0,409308833.3333333,2455853000.0,-392286000.0,97126000.0,123131440.0
GRIN.TA,2.724122344432726,1.941539852342926,0.1078811576552033,0.0910389967498952,0.1672318068338487,0.8191634269437302,0.4459427783212149,0.8438822749832086,3.5946971780626,1.1699999973930482,414857000.0,201558000.0,649014000.0,697211000.0,421809666.6666667,1265429000.0,2138344166.6666667,12830065000.0,213299000.0,-234157000.0,403830850.0
GOLF.TA,1.3726396016645246,0.7668676918652202,0.0509081577193145,0.0478040504136813,0.209001631754543,3.257093421159702,0.744981064502162,0.9390253459426312,1.9000197823936693,1.1040474197416348,953821000.0,414857000.0,201558000.0,649014000.0,523412000.0,1570236000.0,2290744500.0,13744467000.0,538964000.0,752263000.0,957432450.0
GCT.TA,1.7994816974408812,1.7994816974408812,0.2813588850174216,0.0157280938816254,0.1217260222347842,5.185227058601846,0.6699778443259562,0.0559004698950648,0.0,4.248714204911671,2303000000.0,827093000.0,953821000.0,414857000.0,1361304666.6666667,4083914000.0,891557166.6666666,5349343000.0,1475907000.0,1349179000.0,2300547600.0
GFC-M.TA,2.9330218482040937,2.9330218482040937,0.0,0.0371890541635178,0.0564814878452772,0.5187664520031066,0.3415709185035682,0.0,0.0,0.8065249022660229,0.0,2303000000.0,827093000.0,953821000.0,1043364333.3333334,3130093000.0,783388166.6666666,4700329000.0,-2303000000.0,-827093000.0,6733508.5
GPGB-M.TA,1.0122473630247617,1.0122473630247617,-1.187878787878788,-0.0013015040339984,-0.0064177076341251,3.921874232576415,0.7953517713071483,0.0010956539061721,0.0,-0.019483974877999,431000.0,0.0,2303000000.0,827093000.0,767810333.3333334,2303431000.0,749867000.0,4499202000.0,431000.0,-2302569000.0,126392030.0
GIBUI.TA,1.534208653979833,1.534208653979833,0.2360560269089813,0.0222941865371941,0.1084584688487532,3.864876709800936,0.7944449449283334,0.0944444707857017,0.0,1.1513222331047992,0.0,431000.0,0.0,2303000000.0,0.0,0.0,0.0,0.0,0.0,0.0,13210961.0
GILT.TA,1.8376986028679916,1.575671839864342,-0.0141089454342466,-0.0082477871293186,-0.0122139310494799,0.4808737007848648,0.324722966266469,0.5845785688063415,5.054269836803601,-0.0537755717204959,239840000.0,0.0,431000.0,0.0,0.0,0.0,0.0,0.0,0.0,239409000.0,244502100.0
GLBX.TA,2.061252580867172,2.061252580867172,-0.8930521762638551,-0.3452441917582015,-0.5507043427523548,0.5951154455280486,0.3730861281523364,0.3865890492563987,0.0,-2.8348147587489745,46052000.0,42997000.0,239840000.0,0.0,109629666.66666667,328889000.0,0.0,0.0,3055000.0,-193788000.0,43976130.0
GKL.TA,0.1525585337429812,0.1525585337429812,-2.347346109688245,-0.1223643260961641,-0.4594945024548786,2.7551344996888183,0.733697954072519,0.0521287958308012,0.0,-0.2202655219279345,11570000.0,395000.0,46052000.0,42997000.0,19339000.0,58017000.0,0.0,0.0,11175000.0,-34482000.0,81368210.0
GLTC.TA,1.039647577092511,1.039647577092511,0.0,-0.1597211849639034,-0.1933811561878353,0.2107420579902345,0.1740602439631565,0.0,0.0,-0.0910178413410922,0.0,596021000.0,11570000.0,395000.0,202530333.33333334,607591000.0,116172500.0,697035000.0,-596021000.0,-11570000.0,2826506.0
GMLA.TA,1.4824614432931715,1.4824614432931715,0.451448748572022,0.0422517962116263,0.1072480645018035,1.538307814527709,0.6060367484681658,0.0935915679139062,0.0,0.3433694746227446,76946000.0,0.0,596021000.0,11570000.0,224322333.33333334,672967000.0,121830666.66666667,730984000.0,76946000.0,-519075000.0,65158424.0
GSFI.TA,3.4353018336840377,1.803760282021152,0.0280318622739611,0.0277944355344815,0.0437400324813086,0.5736974556308251,0.3645538432931223,0.9915301118006647,2.9590975327872973,0.3982283202344479,224968000.0,76946000.0,0.0,596021000.0,100638000.0,301914000.0,151650000.0,909900000.0,148022000.0,224968000.0,229624370.0
GNGR.TA,1.5068110746222778,0.8050555330767615,0.0364659364456346,0.0336796239168188,0.0931246888231445,1.7650156977150877,0.6383384004559667,0.9235913622300695,2.21092552283302,1.490909090909091,627831000.0,224968000.0,76946000.0,0.0,309915000.0,929745000.0,256222666.66666666,1537336000.0,402863000.0,550885000.0,633200060.0
GNRS.TA,1.0772664196506487,1.0772664196506487,1.7637495012736704,0.0891468163402543,0.1370165857822187,0.5369767694143537,0.3493720790711509,0.0505439215012551,0.0,0.1937356777626168,103886000.0,7403000.0,627831000.0,224968000.0,246373333.33333334,739120000.0,173505666.66666666,1041034000.0,96483000.0,-523945000.0,109366380.0
HIPR.TA,1.5343646348757545,0.8535696808221412,0.0395245035525596,0.0642557791698135,0.1795014996380184,1.7935463853552591,0.6420320760584655,1.6257200823374354,3.704564514196717,0.1958063991417551,300583000.0,0.0,4701000.0,461187000.0,101761333.33333333,305284000.0,187913666.66666666,1127482000.0,300583000.0,295882000.0,301452260.0
HICN.TA,2.7193317819148937,2.2078623670212765,-1.689226904828356,-0.5600666250260254,-1.134967887112653,1.02648727204538,0.5065352673097833,0.3315520392347375,2.095385115372116,-3.512336265067792,16910000.0,300583000.0,0.0,4701000.0,105831000.0,317493000.0,130563500.0,783381000.0,-283673000.0,16910000.0,19168320.0
ILDR.TA,1.4687142764704613,0.9510169747427906,-0.6936786560413526,-0.1451442091031996,-1.2727721794111837,7.769017980636238,0.88596214511041,0.2092383956737269,0.7033997166902758,-0.3442167419242792,12246000.0,16910000.0,300583000.0,0.0,109913000.0,329739000.0,132604500.0,795627000.0,-4664000.0,-288337000.0,19183252.0
ILDC.TA,1.239134757597757,0.8552610988023142,0.4643314286670403,0.032608730775863,0.1890332320367426,4.1045307589410776,0.7080423745468357,0.0702272746634298,0.8562176245210728,6.228481651890921,672684000.0,12246000.0,16910000.0,300583000.0,233946666.66666666,701840000.0,167854000.0,1007124000.0,660438000.0,655774000.0,674121400.0
VCTR.TA,1.1913869800009254,0.6169969000002203,0.0219247136295961,0.0271633202197845,0.1466366182188483,4.398331906128495,0.8147575922731348,1.238936146610225,6.618959029378709,3.49469111969112,2315218000.0,498325000.0,498325000.0,279971000.0,1103956000.0,3311868000.0,842215666.6666666,5053294000.0,1816893000.0,1816893000.0,2314475300.0
VTNA.TA,0.9546852039825424,0.7837158425891656,1.1096045024224324,0.0568372565707606,0.1462611885011962,1.5596163421950715,0.606068603035914,0.0512229866107035,0.4443051268861454,3.0700401504046906,173939000.0,2315218000.0,498325000.0,498325000.0,995827333.3333334,2987482000.0,863348833.3333334,5180093000.0,-2141279000.0,-324386000.0,173038060.0
ZNKL.TA,1.3309648928033948,0.4018783049202707,0.0861228582639403,0.0596990567947946,0.1392146360714889,1.331940294300051,0.5711725542698093,0.6931848059644659,1.4365174904404476,1.3479358580689185,255911000.0,0.0,1053879000.0,173939000.0,436596666.6666667,1309790000.0,716212000.0,4297272000.0,255911000.0,-797968000.0,271419620.0
HLAN.TA,1.2606897433609106,1.2606897433609106,0.088294669839555,0.1022376271901591,0.2537756338600254,1.4664179229733767,0.5907702273600165,1.1579139191067884,0.0,6.696695898662415,2232859000.0,1956205000.0,290541000.0,20519000.0,1493201666.6666667,4479605000.0,0.0,0.0,276654000.0,1942318000.0,1413094800.0
SCC.TA,2.026706231454006,2.026706231454006,-0.1645389919518391,-0.0277205324356304,-0.2096166659867553,6.561783543425937,0.8677560665076984,0.1684739410810558,0.0,-0.6389637305699482,98230000.0,218527000.0,2232859000.0,1956205000.0,849872000.0,2549616000.0,802813500.0,4816881000.0,-120297000.0,-2134629000.0,40423664.0
HMAM.TA,1.8062822410828403,0.871449457936019,0.0578545166174032,0.0764136525725929,0.1796045343150968,1.3504246724035676,0.5745449697916121,1.3207897505725072,2.412712464589235,1.1313971521218102,299824000.0,98230000.0,218527000.0,2232859000.0,205527000.0,616581000.0,849364333.3333334,5096186000.0,201594000.0,81297000.0,300603460.0
HAMAT.TA,1.0654208381148351,0.6123283605714059,0.1096037467385252,0.0886677029238939,0.245668841761827,1.770668841761827,0.639076317989661,0.8089842324042346,2.001864612536135,2.540000003373286,1063078000.0,299824000.0,98230000.0,218527000.0,487044000.0,1461132000.0,978120500.0,5868723000.0,763254000.0,964848000.0,1057915000.0
TSEM.TA,4.328924321820446,3.48025172982832,0.0994665043503168,0.0672325400976407,0.0924854208397374,0.3796851678198676,0.2760132141709479,0.6759314659420474,5.027665961656546,1.366254394433414,1677614000.0,1063078000.0,299824000.0,98230000.0,1013505333.3333334,3040516000.0,931688666.6666666,5590132000.0,614536000.0,1377790000.0,1681856800.0
FGAS.TA,7.526865671643335,4.279317697229402,-1.5820795720494818,-0.3607938096873865,-0.8909228623363916,1.4693407658749484,0.5950336163321406,0.2280503560386672,0.5345119952728501,-0.2823220571564942,5618000.0,1599167000.0,163648000.0,43911000.0,589477666.6666666,1768433000.0,3069159666.6666665,18414958000.0,-1593549000.0,-158030000.0,6090450.0
TLSY.TA,1.400408994989086,0.9944597132684064,0.1622393848487465,0.1162808220468288,0.2307885404204409,0.8912098359254829,0.449028414274143,0.7167237607270007,2.880778849589139,6.654294677257237,432993000.0,-20000.0,5618000.0,1599167000.0,146197000.0,438591000.0,374219500.0,2245317000.0,433013000.0,427375000.0,430928130.0
TRLT.TA,4.079337384433347,4.079337384433347,-0.412060579261552,-0.01516279410329,-0.0208470822474021,0.3576358206284046,0.2601207328582121,0.0367974877151876,0.0,-0.12,56233000.0,432993000.0,-20000.0,5618000.0,163068666.66666666,489206000.0,376273166.6666667,2257639000.0,-376760000.0,56253000.0,49671764.0
TRX.TA,2.465539303008254,1.739393331158893,-0.0253448103763115,-0.0208942436153116,-0.0386056703336016,0.8476701547267687,0.4587778573779696,0.8243992874707147,2.151014673024209,-0.0701664473623145,382952000.0,56233000.0,432993000.0,-20000.0,290726000.0,872178000.0,412823833.3333333,2476943000.0,326719000.0,-50041000.0,367984200.0
UNCR.TA,1.3516984374562198,1.3516984374562198,-0.1935722748815166,-0.0318448059099281,-0.0840871366625062,1.6405290991674923,0.6212880212850975,0.1645111931934468,0.0,0.0,0.0,3173000.0,3724623000.0,195776000.0,0.0,0.0,0.0,0.0,0.0,0.0,4659239.0
UNIT.TA,1.527839724413018,1.014649623787508,0.130589451631773,0.1335721988381396,0.2699180362440073,1.0207650887823532,0.5051379274359064,1.0228406442411382,2.8240593534711182,1.3867457615194556,155520000.0,0.0,3173000.0,3724623000.0,0.0,0.0,0.0,0.0,0.0,152347000.0,334026660.0
ISCD.TA,1.1991246052412876,1.1991246052412876,0.1490656236418948,0.0152879301123194,0.1235145840835433,7.079222182211019,0.8762257086824746,0.1025583883045106,0.0,1.715,2663000000.0,357931000.0,812300000.0,633816000.0,1277743666.6666667,3833231000.0,808698333.3333334,4852190000.0,2305069000.0,1850700000.0,2658402600.0
ISCN.TA,1.514211592928162,0.6810634978499823,1.627147864246431,0.0699166055167527,0.3256753165127307,3.2558109558633137,0.6989637798642282,0.0429688088298802,0.1637813698045364,2.032407325016462,1517959000.0,2663000000.0,357931000.0,812300000.0,1512963333.3333333,4538890000.0,1048883333.3333334,6293300000.0,-1145041000.0,1160028000.0,1514470000.0
CRMT.TA,0.5895773076873192,0.3583351707500551,-0.0539877987350982,-0.0415541224567162,-0.1349430625891833,2.247404941104054,0.6920618099262916,0.76969469825228,4.278310617533232,-1.7266284920551105,223258000.0,1063195000.0,29330000.0,810000.0,438594333.3333333,1315783000.0,1437160500.0,8622963000.0,-839937000.0,193928000.0,225535550.0
LEOF.TA,0.0,0.0,0.0,0.0,0.0,0.0,0.0,0.0,0.0,0.0,0.0,886697000.0,575966000.0,153327000.0,0.0,0.0,0.0,0.0,0.0,0.0,93470300.0
LPSN.TA,2.847802637998093,2.847802637998093,-0.2661150196753147,-0.1053161152010355,-0.3576438671348483,2.3959082753114296,0.705527971037942,0.3957541191381495,0.0,-1.795445959804819,514800000.0,146748000.0,76845000.0,716652000.0,246131000.0,738393000.0,0.0,0.0,368052000.0,437955000.0,516526940.0
MGIC.TA,1.886939899067136,1.886939899067136,0.0619726227033779,0.0610884568736057,0.112270683724579,0.7985373544143383,0.4344982422728756,0.9857329609236636,0.0,0.6062525458248472,566792000.0,46993000.0,209653000.0,234293000.0,274479333.3333333,823438000.0,1422047333.3333333,8532284000.0,519799000.0,357139000.0,563460860.0
MRG.TA,0.8139264688174283,0.3098177179102486,0.0430096856699604,0.0386730541571051,0.2104597245209208,4.442024921692267,0.8162448694393268,0.8991708159382297,2.4994577076527777,1.3115680016448197,745869000.0,1020659000.0,566792000.0,46993000.0,777773333.3333334,2333320000.0,470709833.3333333,2824259000.0,-274790000.0,179077000.0,740940900.0
MPP.TA,1.3444945097054666,1.3444945097054666,-0.0085039160828836,-0.0049444818809633,-0.0251528384279475,4.087052401746725,0.8034225085519793,0.5814358741045638,0.0,-0.00899379484367,274756000.0,745869000.0,1020659000.0,566792000.0,680428000.0,2041284000.0,477453666.6666667,2864722000.0,-471113000.0,-745903000.0,269942270.0
MRIN.TA,1.9884030126037504,1.9884030126037504,0.0800118642749977,0.0613098259008362,0.2195713676091732,2.5427209938202338,0.7099913943379157,0.76625918488934,0.0,0.4321294741711384,497853000.0,274756000.0,745869000.0,1020659000.0,506159333.3333333,1518478000.0,525487000.0,3152922000.0,223097000.0,-248016000.0,495191230.0
MTRN.TA,1.440501708035832,0.6638878707464043,0.1589419573646848,0.1559867863986808,0.4094849175041768,1.5545335229536903,0.5921748963857569,0.9814072318285127,1.5407292738411005,2.0409070617067995,1786896000.0,1192000000.0,3210511000.0,5316000.0,2063135666.6666667,6189407000.0,1811414166.6666667,10868485000.0,594896000.0,-1423615000.0,1782804200.0
MCMN.TA,1.4645991521585684,1.4645991521585684,0.4520233726096194,0.0492341759501793,0.3245046887729455,5.591045397028999,0.8482789998001283,0.1089195358769632,0.0,13.2900011571338,108280000.0,1786896000.0,1192000000.0,3210511000.0,1029058666.6666666,3087176000.0,1829282000.0,10975692000.0,-1678616000.0,-1083720000.0,110119660.0
MCRNT.TA,7.590236949937645,6.264208088366293,0.0584912406149445,0.0179032611074633,0.0212837925740899,0.1888221060026539,0.1588312541037426,0.306084482381265,1.2597071073491872,0.1062188542102076,5549000.0,1367576000.0,108280000.0,1786896000.0,493801666.6666667,1481405000.0,1278468666.6666667,7670812000.0,-1362027000.0,-102731000.0,48287480.0
MSHR.TA,0.7509089934516737,0.6320668471253175,0.2265060028908919,0.0372985386569207,0.1774600838054789,3.059506716331726,0.6430467465308635,0.1646690956569812,3.640339777240437,2.975024462448848,469399000.0,5549000.0,1367576000.0,108280000.0,614174666.6666666,1842524000.0,821616666.6666666,4929700000.0,463850000.0,-898177000.0,467745000.0
MCLL.TA,0.0,0.0,0.1719043626586487,0.0082990563417435,0.0356338095694697,3.2937182376066736,0.7671016250573998,0.0482771711746668,0.0,0.1962490295228049,68653000.0,469399000.0,5549000.0,1367576000.0,181200333.33333334,543601000.0,634392166.6666666,3806353000.0,-400746000.0,63104000.0,67373550.0
MNIN.TA,2.056044516924149,1.354965205592003,0.0345528141270258,0.0338999382869763,0.0907031514789848,1.605330776383751,0.5999859250998777,0.9811049879280664,2.956158886304313,0.7900000042892275,1114888000.0,2704086000.0,1673000000.0,68653000.0,1830658000.0,5491974000.0,1005929166.6666666,6035575000.0,-1589198000.0,-558112000.0,373532300.0
MSLA.TA,1.90141686492202,1.1995347607718745,0.1537541111161966,0.0480506928168147,0.1767633108072554,2.678683915779029,0.7281636523022034,0.3125164749611242,0.8355089220478906,1.0383732226441755,153726000.0,1476352000.0,183940000.0,166733000.0,604672666.6666666,1814018000.0,1496815000.0,8980890000.0,-1322626000.0,-30214000.0,193101730.0
MAXO.TA,1.5370837625940736,0.6043976671497668,0.0698544362079049,0.0701504804284922,0.3626034156404857,4.102293753588975,0.7936435931381172,1.0042380160324558,2.7942112554760925,0.4744700242811324,1048801000.0,153726000.0,1476352000.0,183940000.0,892959666.6666666,2678879000.0,1485800500.0,8914803000.0,895075000.0,-427551000.0,1052107800.0
CMER.TA,1.0059939124326855,0.798136936816403,0.00597436080084,0.0063337547716315,0.0321674687913692,4.078736065918567,0.8031006165666664,1.0601560539733348,5.874096841156687,0.1996467787760116,513264000.0,1048801000.0,153726000.0,1476352000.0,571930333.3333334,1715791000.0,590469333.3333334,3542816000.0,-535537000.0,359538000.0,539517700.0
MSKE.TA,1.903545000860437,1.903545000860437,-0.9012619143509196,-0.0418854646072451,-0.140894384301929,2.3672397208765457,0.7037394431076829,0.0464742423265612,0.0,-0.2747249749357195,59246000.0,513264000.0,1048801000.0,153726000.0,540437000.0,1621311000.0,572554833.3333334,3435329000.0,-454018000.0,-989555000.0,38816260.0
NAWI.TA,0.9360938322163802,0.9360938322163802,0.6584247222454764,0.0329442451166008,0.1708302046034218,4.18543387468118,0.8071521064259095,0.0500349455352291,0.0,3.3641806948560307,251763000.0,59246000.0,513264000.0,1048801000.0,274757666.6666667,824273000.0,583858666.6666666,3503152000.0,192517000.0,-261501000.0,362473200.0
NYAX.TA,2.223286031800308,2.113708896107597,-0.2078583779609515,-0.1146403340647945,-0.1880600868799173,0.6404356146906042,0.3904058220604983,0.5515309759914077,9.227668703679626,-0.8202113212546785,173514000.0,251763000.0,59246000.0,513264000.0,161507666.66666666,484523000.0,366719000.0,2200314000.0,-78249000.0,114268000.0,163372220.0
NVMI.TA,1.9675476678359325,1.6943389018164137,0.2237397053204297,0.1156312953795174,0.1965176019621997,0.6995191597326883,0.4115982780933834,0.5168116906827762,2.2967012012966377,3.1225181110812987,570729000.0,173514000.0,251763000.0,59246000.0,332002000.0,996006000.0,436219500.0,2617317000.0,397215000.0,318966000.0,569068740.0
NVLG.TA,1.0313375791653494,0.9207576903905196,0.0337128599288746,0.0184915883766659,0.0997195843249994,4.37888870561067,0.8120030587721214,0.548502512562814,5.922645751913914,0.0821587493884397,1507949000.0,570729000.0,173514000.0,251763000.0,750730666.6666666,2252192000.0,512744166.6666667,3076465000.0,937220000.0,1334435000.0,1710123100.0
NFTA.TA,1.3598174159831515,1.3598174159831515,0.2757820836283495,0.0759330662740098,0.2842705792056139,2.07285847427428,0.5536925430115125,0.2753371983958868,0.0,4.405141928701138,2044027000.0,949000000.0,684647000.0,2181294000.0,1225891333.3333333,3677674000.0,1866198000.0,11197188000.0,1095027000.0,1359380000.0,2046094100.0
NTGR.TA,0.9565425030767966,0.2347253102406466,0.1824186916880901,0.0440158988241108,0.1874018326591751,3.257621424283037,0.7651319786145006,0.2412905082082914,0.52844878419301,2.189592167379165,241139000.0,440413000.0,0.0,26049000.0,227184000.0,681552000.0,458604666.6666667,2751628000.0,-199274000.0,241139000.0,251750020.0
SMT.TA,5.18377509056453,5.18377509056453,0.8979458688236662,0.0477806741465055,0.1054529701572508,1.091270618745975,0.4944540278211565,0.0532110852173077,0.0,5.732744332185117,779458000.0,241139000.0,440413000.0,0.0,487003333.3333333,1461010000.0,247843166.66666666,1487059000.0,538319000.0,339045000.0,706856000.0
SNCM.TA,6.452062018774391,5.3321078246719,0.0291077718723599,0.0546478249004323,0.0993727869378495,0.8184216319479425,0.4500725340971813,1.8774307130091492,10.47032074050156,0.1226010781050761,953308000.0,779458000.0,241139000.0,440413000.0,657968333.3333334,1973905000.0,406727833.3333333,2440367000.0,173850000.0,712169000.0,953719600.0
SNFL.TA,0.9745631090300388,0.9745631090300388,-0.2136692624828218,-0.0122372008386905,-0.0535021151252099,3.300517540398433,0.7549065288158218,0.0572716950322904,0.0,-0.3538891080695578,119987000.0,953308000.0,779458000.0,241139000.0,617584333.3333334,1852753000.0,422384166.6666667,2534305000.0,-833321000.0,-659471000.0,121561730.0
SPNS.TA,1.979926826856521,1.979926826856521,0.102315442428449,0.0659740724734368,0.1160281196808249,0.7533501579149325,0.4283580398689218,0.6448105086343503,0.0,0.848994798509746,474736000.0,119987000.0,953308000.0,779458000.0,516010333.3333333,1548031000.0,501506833.3333333,3009041000.0,354749000.0,-478572000.0,471513100.0
SOLR.TA,0.6097136982460513,0.6097136982460513,-1.870242340441016,-0.0332194521033126,-0.1558866168861498,3.481392964811928,0.7418851544635366,0.017762111029675,0.0,-1.9736755200338163,38694000.0,474736000.0,119987000.0,953308000.0,211139000.0,633417000.0,434553666.6666667,2607322000.0,-436042000.0,-81293000.0,40340696.0
SOFW.TA,4.80243799915931,4.632786885245902,-0.3125600989056275,-0.1123270088367424,-0.1461607639929767,0.3012076570596548,0.2314831575309779,0.3593773140910661,2.7765113974231914,-0.2904724978162434,35630000.0,38694000.0,474736000.0,119987000.0,183020000.0,549060000.0,400302166.6666667,2401813000.0,-3064000.0,-439106000.0,30716890.0
CION.TA,0.0,0.0,0.8998636156993484,0.0666209677328878,0.1276329590590986,0.915807641384528,0.4780269279658402,0.0740345165318323,0.0,2.0905857104231447,61139000.0,92543000.0,0.0,35630000.0,51227333.333333336,153682000.0,117123666.66666667,702742000.0,-31404000.0,61139000.0,65471440.0
SLARL.TA,1.242367002605809,1.242367002605809,1.3679969301611663,0.0803698319830901,0.1726669020554868,1.148404417366658,0.5345382871509267,0.0587500090176529,0.0,1.7100535800799144,315300000.0,644000.0,1193000.0,61139000.0,105712333.33333333,317137000.0,78469833.33333333,470819000.0,314656000.0,314107000.0,311557500.0
SKLN.TA,0.4478536213876307,0.4077017114914425,0.1676538984686937,0.0395477692063535,0.0861073656614672,1.0615176019440449,0.4875384679077598,0.2358893504271145,12.963438981781882,1.3856563354702638,133700000.0,1647194000.0,684647000.0,1912614000.0,821847000.0,2465541000.0,1498909166.6666667,8993455000.0,-1513494000.0,-550947000.0,133031060.0
ALBA.TA,1.4072839350861743,0.6028934457164423,-0.0154417731387929,-0.013562623034544,-0.0496248675182685,2.643233669883416,0.7224035780779836,0.8783073622854776,2.798246299974456,-1.7157666345226614,1453877000.0,10422000.0,3499000.0,2690000000.0,489266000.0,1467798000.0,989782000.0,5938692000.0,1443455000.0,1450378000.0,1454075400.0
AMD.TA,2.466813563471661,1.5486106010527605,0.0526370566960684,0.0423830607427685,0.072814310909549,0.6922218622898895,0.4029219101358995,0.8051943517186474,1.7935953498293515,0.1968600992571929,121243000.0,1453877000.0,10422000.0,3499000.0,528514000.0,1585542000.0,735456833.3333334,4412741000.0,-1332634000.0,110821000.0,135179540.0
AMRK.TA,1.4190648889524886,1.1831920597619627,0.0418007628142038,0.0585960437735401,0.1347311514133201,1.2993216390858084,0.5650891188943918,1.401793647498443,9.510787547870928,3.9292816800572745,1258681000.0,121243000.0,1453877000.0,10422000.0,944600333.3333334,2833801000.0,922953666.6666666,5537722000.0,1137438000.0,-195196000.0,1258110500.0
EFNC-M.TA,3.231919253244289,3.231919253244289,0.0764749813293502,0.0097954810690849,0.0190984202771509,0.9582595072458362,0.4914863494614399,0.1280873940576632,0.0,0.4650317892824704,10649000.0,2704086000.0,1258681000.0,121243000.0,1324472000.0,3973416000.0,926493000.0,5558958000.0,-2693437000.0,-1248032000.0,13873285.0
ASHO.TA,1.1906869654200374,0.7739269785492248,0.0195220917111502,0.0124833396578764,0.0248710452319323,0.9923390625872888,0.4980774011922543,0.6394468299084218,3.4845090976477,0.2833022229764126,315870000.0,10649000.0,2704086000.0,1258681000.0,1010201666.6666666,3030605000.0,977401000.0,5864406000.0,305221000.0,-2388216000.0,311255230.0
POLY.TA,1.9367371993933704,1.9367371993933704,0.4656512005618717,0.0769275395950571,0.0855159737841302,0.1116431675090893,0.1004307594128908,0.1652042118698149,0.0,2.061006411501846,26728000.0,22656000.0,315870000.0,10649000.0,121751333.33333333,365254000.0,723111666.6666666,4338670000.0,4072000.0,-289142000.0,33352888.0
POLP.TA,1.4313181007972595,0.6935286995995058,0.1071011227036609,0.0998199868072523,0.2257183881340495,1.2380276388914704,0.5474959466207455,0.9320162505060302,2.3800753425119114,0.9499999955996336,1104375000.0,26728000.0,22656000.0,315870000.0,384586333.3333333,1153759000.0,697394000.0,4184364000.0,1077647000.0,1081719000.0,1305188500.0
PLSN.TA,1.8012716422903985,1.1061168041947755,0.069585160672478,0.0543609226484855,0.1248393632416787,1.228443415340087,0.5349219648778933,0.7812143009103677,2.081656446299508,11.290000031410552,1585144000.0,234000.0,0.0,128462000.0,528459333.3333333,1585378000.0,296156833.3333333,1776941000.0,1584910000.0,1585144000.0,1578914700.0
PLRM.TA,3.0039532108885965,1.6991900298681315,0.10367186317542,0.1154719007585575,0.2154556029734895,0.7335560743441016,0.3931441700679354,1.1138210235806318,2.285560508711256,7.322215743440233,1812339000.0,10814000.0,1585144000.0,234000.0,1136099000.0,3408297000.0,589498833.3333334,3536993000.0,1801525000.0,227195000.0,1809878000.0
PEN.TA,0.0,0.0,0.4883795377424931,0.04572669355349,0.1352842067925866,1.9585390125427369,0.6619953308844344,0.0936294214226482,0.0,0.2917797792158869,116945000.0,94711000.0,1812339000.0,10814000.0,674665000.0,2023995000.0,603364500.0,3620187000.0,22234000.0,-1695394000.0,115972850.0
PERI.TA,2.3033292550088538,2.3033292550088538,0.0808906202324774,0.0542684568275119,0.0828893267089258,0.5273942093541203,0.3452901720618256,0.6708868923435852,0.0,1.0231636629660934,640256000.0,3463000000.0,116945000.0,94711000.0,1406733666.6666667,4220201000.0,1023010833.3333334,6138065000.0,-2822744000.0,523311000.0,639854700.0
PRIM.TA,0.5754526437279088,0.5754526437279088,-2.4131468934698,-0.0758478512040959,-0.2061525578187729,1.7214970074628704,0.6333748669037856,0.0314310958066196,0.0,-0.6164610568955994,6279000.0,659000.0,640256000.0,3463000000.0,215731333.33333334,647194000.0,720308333.3333334,4321850000.0,5620000.0,-633977000.0,7070516.5
PRMG.TA,2.8353648768695296,2.1578050591987417,0.1169027456690466,0.1099054168184347,0.2022137612584415,0.8398889437133157,0.4564889346083183,0.9401440162028236,3.1394489102867214,2.040425057590845,275696000.0,6279000.0,659000.0,640256000.0,94211333.33333333,282634000.0,750472500.0,4502835000.0,269417000.0,275037000.0,328423800.0
SRFT.TA,1.5136440674679357,0.51613009567912,0.2454266414540467,0.1430228891980508,0.3522862415419315,1.4631458888661062,0.5940151151743822,0.5827520938668354,0.6677624416796267,7.900218415909874,469510000.0,253077000.0,815460000.0,3683945000.0,512682333.3333333,1538047000.0,1901440166.6666667,11408641000.0,216433000.0,-345950000.0,468718340.0
CFX.TA,0.3877975695022473,0.2486728446442113,-0.0195139474794347,-0.0241098768649423,-0.213546362751109,7.967612796191438,0.899561860707538,1.235520229330901,14.535597952536063,-0.31,307334000.0,7500000.0,0.0,469510000.0,104944666.66666667,314834000.0,308813500.0,1852881000.0,299834000.0,307334000.0,306776900.0
KMDA.TA,2.4056828902824794,1.0769003089331632,-0.0215163736709056,-0.006997900629811,-0.0126114102158078,0.8021705198389358,0.4451135511364528,0.3252360614685549,1.0206598914102742,-0.05,129339000.0,453985000.0,873000.0,307334000.0,194732333.33333334,584197000.0,149838500.0,899031000.0,-324646000.0,128466000.0,113362640.0
CAMT.TA,5.79994871051546,5.14479244483593,0.2235304588387556,0.1032570059117064,0.2052842551945154,0.98809033229233,0.4970047468381535,0.4619370731314571,2.251825252301775,1.3384478738758745,320909000.0,129339000.0,453985000.0,873000.0,301411000.0,904233000.0,203323333.33333334,1219940000.0,191570000.0,-133076000.0,322175330.0
CNGL.TA,2.22963438101347,2.0490699166132136,0.0,0.0450365500237899,0.0686273217416522,0.5238139179266798,0.3437518923828885,0.0,14.200710479573711,0.1390987029273062,8000.0,320909000.0,129339000.0,453985000.0,150085333.33333334,450256000.0,202074666.66666666,1212448000.0,-320901000.0,-129331000.0,2622806.2
CAST.TA,1.7948116464630963,0.9802324689274206,0.067515680716547,0.0502073496889057,0.169283329937783,2.3716842451691766,0.7034123223629963,0.7436398353101507,1.5296817200351316,13.096265761396705,1671912000.0,573957000.0,8000.0,320909000.0,748625666.6666666,2245877000.0,525018333.3333333,3150110000.0,1097955000.0,1671904000.0,1673983400.0
KRDI.TA,2.427863573708546,1.803156591532452,0.0880725481813152,0.0397919395619459,0.1451099401886997,2.026767387314147,0.5557786411961328,0.4518086552920683,2.288996741939108,0.389386466491423,620550000.0,12842000.0,2731000.0,1671912000.0,212041000.0,636123000.0,480333333.3333333,2882000000.0,607708000.0,617819000.0,679393600.0
KARE.TA,2.3663722816487445,1.7374952309627096,0.1249224528934836,0.062117871084452,0.1354948578643938,1.1760687168751764,0.5391709035513663,0.4972514519661049,2.28848893382766,0.441507186747151,620173000.0,620550000.0,12842000.0,2731000.0,417855000.0,1253565000.0,583694166.6666666,3502165000.0,-377000.0,607331000.0,618254500.0
KRUR.TA,3.973393257958848,3.712611772793317,0.0917408628564113,0.0750316568398559,0.1376903351714435,0.4418393204287411,0.2407717014232387,0.8178651748380884,10.566610084872693,7.235967562410558,854672000.0,620173000.0,620550000.0,12842000.0,698465000.0,2095395000.0,630480000.0,3782880000.0,234499000.0,234122000.0,846340300.0
CMCT.TA,4.687619838936469,4.687619838936469,-0.0093482612234124,-0.001286191149189,-0.0135906496330524,3.989815007274995,0.3775878922504713,0.1375861369778442,0.0,-1.035388544326888,101906000.0,854672000.0,620173000.0,620550000.0,525583666.6666667,1576751000.0,368812333.3333333,2212874000.0,-752766000.0,-518267000.0,100164380.0
CRSM.TA,0.9634694503059096,0.7449274422662061,0.063897460494126,0.0538621441348821,0.1568551348068101,1.9121591300563885,0.6566121714713313,0.842946554031416,9.5192030724916,2.923088105902515,3548530000.0,101906000.0,854672000.0,620173000.0,1501702666.6666667,4505108000.0,959778833.3333334,5758673000.0,3446624000.0,2693858000.0,3529557200.0
CRSR.TA,1.1185508245589693,0.4494014455708116,0.1115608847345129,0.0307182742633853,0.107046341639404,2.432759763819513,0.6981105612527343,0.2753498624225431,1.0091427374343471,1.9446491727054636,748503000.0,3548530000.0,101906000.0,854672000.0,1466313000.0,4398939000.0,1082389000.0,6494334000.0,-2800027000.0,646597000.0,746625000.0
RLCO.TA,2.6314251177224097,1.7601349522795748,0.1413232626161649,0.2402064126364809,0.3852481353263557,0.6038211931892732,0.3764890972593688,1.6996947861930083,3.747251154411612,9.293888483077671,274942000.0,748503000.0,3548530000.0,101906000.0,1523991666.6666667,4571975000.0,1024787666.6666666,6148726000.0,-473561000.0,-3273588000.0,275638940.0
BRIH.TA,1.13056915393364,0.7766212288538353,-0.0096452944338651,-0.0068400478144283,-0.026766660261143,2.913065245314697,0.7444150809291507,0.709159047588279,3.4351997019605407,-0.0173499760063566,708074000.0,274942000.0,748503000.0,3548530000.0,577173000.0,1731519000.0,1039437833.3333334,6236627000.0,433132000.0,-40429000.0,423277920.0
RVL.TA,1.2091978420447511,0.8473777306093571,0.0444993020731013,0.039471421529102,0.0965128665134271,1.4451327764384894,0.5910242545369779,0.8870121482862853,4.367113979125419,0.11258588802329,244817000.0,425649000.0,708074000.0,274942000.0,459513333.3333333,1378540000.0,991752500.0,5950515000.0,-180832000.0,-463257000.0,246521420.0
ROBO.TA,1.4149547353760443,1.2231894150417828,-0.1873436260450357,-0.1116607259765767,-0.2751635744375728,1.4436676525947836,0.5858369098712446,0.5960209500254601,3.132546527462551,-0.0675631065824512,16488000.0,244817000.0,425649000.0,708074000.0,228984666.66666666,686954000.0,403078833.3333333,2418473000.0,-228329000.0,-409161000.0,24030262.0
ROTS.TA,1.1351972267729,0.3730649596212553,0.1358255130649535,0.0468330273297402,0.2969882610201603,5.08692603983658,0.8021736126191933,0.3448028744595581,0.6582320633818377,4.538132891212856,825141000.0,16488000.0,244817000.0,425649000.0,362148666.6666667,1086446000.0,415851833.3333333,2495111000.0,808653000.0,580324000.0,821282750.0
RIT1.TA,0.7606928560438997,0.7606928560438997,1.5445753296298774,0.0750337404653258,0.1598012403123222,1.1215597983445926,0.5266218626392108,0.0485788805673245,0.0,2.825402213775717,386908000.0,825141000.0,16488000.0,244817000.0,409512333.3333333,1228537000.0,434512833.3333333,2607077000.0,-438233000.0,370420000.0,390969060.0
RTLS.TA,2.371613933957274,1.887865539687166,0.0648513741085828,0.0354866927337514,0.0826439719015032,1.296495174186406,0.5567051633478864,0.5472003210654385,2.452074174904604,1.7164663353033824,1526926000.0,48620000.0,386908000.0,825141000.0,654151333.3333334,1962454000.0,508150000.0,3048900000.0,1478306000.0,1140018000.0,1526465000.0
RMON.TA,1.6246524471830428,1.6246524471830428,0.1010035255301143,0.0348508259338378,0.0680550072833632,0.9475713273265788,0.4852492815268161,0.3450456382678146,0.0,0.9195258889582034,460925000.0,5143000.0,1526926000.0,48620000.0,664331333.3333334,1992994000.0,542277166.6666666,3253663000.0,455782000.0,-1066001000.0,457287500.0
RIMO.TA,1.187971683071494,0.9251259593103596,0.2289082850589013,0.1933341542502976,0.32969125130366,0.7052923348288969,0.4135902803431432,0.8445922094980093,5.58334681332902,5.604712041884817,213295000.0,460925000.0,5143000.0,1526926000.0,226454333.33333334,679363000.0,440302833.3333333,2641817000.0,-247630000.0,208152000.0,215480100.0
REKA.TA,2.2478222510673254,1.3390899595379826,0.0250956620572078,0.0151547736164176,0.0382861403478351,1.5260413957332686,0.6040517971127228,0.6038802077375369,2.218343730122418,0.5803075980697063,292394000.0,0.0,379944000.0,587078000.0,224112666.66666666,672338000.0,1399549166.6666667,8397295000.0,292394000.0,-87550000.0,300534880.0
SHGR.TA,0.8309371414352268,0.7211731202565769,-0.0093862965886899,-0.0048058614916253,-0.0192956531394941,3.0095325139015827,0.7495676001114773,0.512008271442886,12.473866498740554,-0.2359338169611035,294570000.0,292394000.0,0.0,379944000.0,195654666.66666666,586964000.0,274949833.3333333,1649699000.0,2176000.0,294570000.0,291284320.0
SBEN.TA,0.1532362456184822,0.1532362456184822,0.7893720667735995,0.0149901485251555,0.0781595808352413,4.214046960452576,0.8082078889640355,0.0189899657666184,0.0,0.0886628343414595,142436000.0,294570000.0,292394000.0,0.0,243133333.33333334,729400000.0,282737000.0,1696422000.0,-152134000.0,-149958000.0,140480400.0
TRPZ.TA,2.864603586087708,2.4417260747461653,0.1477371270536949,0.0663020326592863,0.1363877319197274,1.0496997890409476,0.5102895158957638,0.4487838228720187,3.23154533844189,0.1406968438908977,118556000.0,2281590000.0,84556000.0,58763000.0,828234000.0,2484702000.0,1231372833.3333333,7388237000.0,-2163034000.0,34000000.0,121674240.0
TIGBUR.TA,0.0,0.0,0.0223595434151878,0.0,0.0,0.0,0.0,0.0,0.0,2.433439829605964,1089524000.0,118556000.0,2281590000.0,84556000.0,1163223333.3333333,3489670000.0,1363498166.6666667,8180989000.0,970968000.0,-1192066000.0,1089295700.0
TKUN.TA,1.8685413311278456,1.0988116484568842,-0.8817445314609775,-0.1720465802508167,-0.2227855183613313,0.3135686895290601,0.2421540731373169,0.1951206660343555,2.5093027201266755,-0.7771659869072607,49297000.0,1089524000.0,118556000.0,2281590000.0,419125666.6666667,1257377000.0,613714333.3333334,3682286000.0,-1040227000.0,-69259000.0,-594376.44
TMRP.TA,1.36635573185087,1.36635573185087,0.1660688950921349,0.0309111148675755,0.1146306375012999,2.708395442622572,0.7303415950449984,0.1861342839092538,0.0,0.4483931477128909,302194000.0,49297000.0,1089524000.0,118556000.0,480338333.3333333,1441015000.0,654286166.6666666,3925717000.0,252897000.0,-787330000.0,302643520.0
TUZA.TA,5.618251928020565,5.618251928020565,0.0,-0.0954566314823313,-0.106771964461994,0.1185389930898321,0.105976630070251,0.0,0.0,-0.0237317886606986,2375000.0,302194000.0,49297000.0,1089524000.0,117955333.33333333,353866000.0,640589333.3333334,3843536000.0,-299819000.0,-46922000.0,3321611.2
TFRLF.TA,1.278730165367006,0.5369514770137771,0.0549157056163094,0.0951938766034782,0.3261595800286344,2.4262663909278914,0.7081371131422204,1.733454492392184,2.9249608951143555,1.1087762669962915,222310000.0,2375000.0,302194000.0,49297000.0,175626333.33333334,526879000.0,297376000.0,1784256000.0,219935000.0,-79884000.0,234018080.0
